Date,NoDur,Durbl,Manuf,Enrgy,HiTec,Telcm,Shops,Hlth ,Utils,Other
192607,0.76,0.54,1.06,0.92,0.48,0.77,0.45,0.68,0.77,1.33
192608,0.76,0.54,1.06,0.92,0.48,0.77,0.45,0.68,0.77,1.33
192609,0.76,0.54,1.06,0.92,0.48,0.77,0.45,0.68,0.77,1.33
192610,0.76,0.54,1.06,0.92,0.48,0.77,0.45,0.68,0.77,1.33
192611,0.76,0.54,1.06,0.92,0.48,0.77,0.45,0.68,0.77,1.33
192612,0.76,0.54,1.06,0.92,0.48,0.77,0.45,0.68,0.77,1.33
192701,0.76,0.54,1.06,0.92,0.48,0.77,0.45,0.68,0.77,1.33
192702,0.76,0.54,1.06,0.92,0.48,0.77,0.45,0.68,0.77,1.33
192703,0.76,0.54,1.06,0.92,0.48,0.77,0.45,0.68,0.77,1.33
192704,0.76,0.54,1.06,0.92,0.48,0.77,0.45,0.68,0.77,1.33
192705,0.76,0.54,1.06,0.92,0.48,0.77,0.45,0.68,0.77,1.33
192706,0.76,0.54,1.06,0.92,0.48,0.77,0.45,0.68,0.77,1.33
192707,0.63,0.43,0.91,1.08,0.47,0.73,0.44,0.51,0.71,1.23
192708,0.63,0.43,0.91,1.08,0.47,0.73,0.44,0.51,0.71,1.23
192709,0.63,0.43,0.91,1.08,0.47,0.73,0.44,0.51,0.71,1.23
192710,0.63,0.43,0.91,1.08,0.47,0.73,0.44,0.51,0.71,1.23
192711,0.63,0.43,0.91,1.08,0.47,0.73,0.44,0.51,0.71,1.23
192712,0.63,0.43,0.91,1.08,0.47,0.73,0.44,0.51,0.71,1.23
192801,0.63,0.43,0.91,1.08,0.47,0.73,0.44,0.51,0.71,1.23
192802,0.63,0.43,0.91,1.08,0.47,0.73,0.44,0.51,0.71,1.23
192803,0.63,0.43,0.91,1.08,0.47,0.73,0.44,0.51,0.71,1.23
192804,0.63,0.43,0.91,1.08,0.47,0.73,0.44,0.51,0.71,1.23
192805,0.63,0.43,0.91,1.08,0.47,0.73,0.44,0.51,0.71,1.23
192806,0.63,0.43,0.91,1.08,0.47,0.73,0.44,0.51,0.71,1.23
192807,0.51,0.28,0.69,0.93,0.37,0.64,0.35,0.22,0.57,1.11
192808,0.51,0.28,0.69,0.93,0.37,0.64,0.35,0.22,0.57,1.11
192809,0.51,0.28,0.69,0.93,0.37,0.64,0.35,0.22,0.57,1.11
192810,0.51,0.28,0.69,0.93,0.37,0.64,0.35,0.22,0.57,1.11
192811,0.51,0.28,0.69,0.93,0.37,0.64,0.35,0.22,0.57,1.11
192812,0.51,0.28,0.69,0.93,0.37,0.64,0.35,0.22,0.57,1.11
192901,0.51,0.28,0.69,0.93,0.37,0.64,0.35,0.22,0.57,1.11
192902,0.51,0.28,0.69,0.93,0.37,0.64,0.35,0.22,0.57,1.11
192903,0.51,0.28,0.69,0.93,0.37,0.64,0.35,0.22,0.57,1.11
192904,0.51,0.28,0.69,0.93,0.37,0.64,0.35,0.22,0.57,1.11
192905,0.51,0.28,0.69,0.93,0.37,0.64,0.35,0.22,0.57,1.11
192906,0.51,0.28,0.69,0.93,0.37,0.64,0.35,0.22,0.57,1.11
192907,0.48,0.29,0.43,0.8,0.2,0.55,0.29,0.26,0.31,0.93
192908,0.48,0.29,0.43,0.8,0.2,0.55,0.29,0.26,0.31,0.93
192909,0.48,0.29,0.43,0.8,0.2,0.55,0.29,0.26,0.31,0.93
192910,0.48,0.29,0.43,0.8,0.2,0.55,0.29,0.26,0.31,0.93
192911,0.48,0.29,0.43,0.8,0.2,0.55,0.29,0.26,0.31,0.93
192912,0.48,0.29,0.43,0.8,0.2,0.55,0.29,0.26,0.31,0.93
193001,0.48,0.29,0.43,0.8,0.2,0.55,0.29,0.26,0.31,0.93
193002,0.48,0.29,0.43,0.8,0.2,0.55,0.29,0.26,0.31,0.93
193003,0.48,0.29,0.43,0.8,0.2,0.55,0.29,0.26,0.31,0.93
193004,0.48,0.29,0.43,0.8,0.2,0.55,0.29,0.26,0.31,0.93
193005,0.48,0.29,0.43,0.8,0.2,0.55,0.29,0.26,0.31,0.93
193006,0.48,0.29,0.43,0.8,0.2,0.55,0.29,0.26,0.31,0.93
193007,0.64,0.65,0.74,1,0.32,0.54,0.61,0.42,0.37,1.27
193008,0.64,0.65,0.74,1,0.32,0.54,0.61,0.42,0.37,1.27
193009,0.64,0.65,0.74,1,0.32,0.54,0.61,0.42,0.37,1.27
193010,0.64,0.65,0.74,1,0.32,0.54,0.61,0.42,0.37,1.27
193011,0.64,0.65,0.74,1,0.32,0.54,0.61,0.42,0.37,1.27
193012,0.64,0.65,0.74,1,0.32,0.54,0.61,0.42,0.37,1.27
193101,0.64,0.65,0.74,1,0.32,0.54,0.61,0.42,0.37,1.27
193102,0.64,0.65,0.74,1,0.32,0.54,0.61,0.42,0.37,1.27
193103,0.64,0.65,0.74,1,0.32,0.54,0.61,0.42,0.37,1.27
193104,0.64,0.65,0.74,1,0.32,0.54,0.61,0.42,0.37,1.27
193105,0.64,0.65,0.74,1,0.32,0.54,0.61,0.42,0.37,1.27
193106,0.64,0.65,0.74,1,0.32,0.54,0.61,0.42,0.37,1.27
193107,0.76,0.74,1.15,1.69,0.54,0.77,0.76,0.4,0.51,1.84
193108,0.76,0.74,1.15,1.69,0.54,0.77,0.76,0.4,0.51,1.84
193109,0.76,0.74,1.15,1.69,0.54,0.77,0.76,0.4,0.51,1.84
193110,0.76,0.74,1.15,1.69,0.54,0.77,0.76,0.4,0.51,1.84
193111,0.76,0.74,1.15,1.69,0.54,0.77,0.76,0.4,0.51,1.84
193112,0.76,0.74,1.15,1.69,0.54,0.77,0.76,0.4,0.51,1.84
193201,0.76,0.74,1.15,1.69,0.54,0.77,0.76,0.4,0.51,1.84
193202,0.76,0.74,1.15,1.69,0.54,0.77,0.76,0.4,0.51,1.84
193203,0.76,0.74,1.15,1.69,0.54,0.77,0.76,0.4,0.51,1.84
193204,0.76,0.74,1.15,1.69,0.54,0.77,0.76,0.4,0.51,1.84
193205,0.76,0.74,1.15,1.69,0.54,0.77,0.76,0.4,0.51,1.84
193206,0.76,0.74,1.15,1.69,0.54,0.77,0.76,0.4,0.51,1.84
193207,1.68,3.08,4.21,3.37,2.14,2.1,2.02,1.1,1.71,9.1
193208,1.68,3.08,4.21,3.37,2.14,2.1,2.02,1.1,1.71,9.1
193209,1.68,3.08,4.21,3.37,2.14,2.1,2.02,1.1,1.71,9.1
193210,1.68,3.08,4.21,3.37,2.14,2.1,2.02,1.1,1.71,9.1
193211,1.68,3.08,4.21,3.37,2.14,2.1,2.02,1.1,1.71,9.1
193212,1.68,3.08,4.21,3.37,2.14,2.1,2.02,1.1,1.71,9.1
193301,1.68,3.08,4.21,3.37,2.14,2.1,2.02,1.1,1.71,9.1
193302,1.68,3.08,4.21,3.37,2.14,2.1,2.02,1.1,1.71,9.1
193303,1.68,3.08,4.21,3.37,2.14,2.1,2.02,1.1,1.71,9.1
193304,1.68,3.08,4.21,3.37,2.14,2.1,2.02,1.1,1.71,9.1
193305,1.68,3.08,4.21,3.37,2.14,2.1,2.02,1.1,1.71,9.1
193306,1.68,3.08,4.21,3.37,2.14,2.1,2.02,1.1,1.71,9.1
193307,0.66,0.66,1.11,1.46,0.71,1.13,0.81,0.39,0.94,2.65
193308,0.66,0.66,1.11,1.46,0.71,1.13,0.81,0.39,0.94,2.65
193309,0.66,0.66,1.11,1.46,0.71,1.13,0.81,0.39,0.94,2.65
193310,0.66,0.66,1.11,1.46,0.71,1.13,0.81,0.39,0.94,2.65
193311,0.66,0.66,1.11,1.46,0.71,1.13,0.81,0.39,0.94,2.65
193312,0.66,0.66,1.11,1.46,0.71,1.13,0.81,0.39,0.94,2.65
193401,0.66,0.66,1.11,1.46,0.71,1.13,0.81,0.39,0.94,2.65
193402,0.66,0.66,1.11,1.46,0.71,1.13,0.81,0.39,0.94,2.65
193403,0.66,0.66,1.11,1.46,0.71,1.13,0.81,0.39,0.94,2.65
193404,0.66,0.66,1.11,1.46,0.71,1.13,0.81,0.39,0.94,2.65
193405,0.66,0.66,1.11,1.46,0.71,1.13,0.81,0.39,0.94,2.65
193406,0.66,0.66,1.11,1.46,0.71,1.13,0.81,0.39,0.94,2.65
193407,0.72,0.67,1.14,1.4,0.76,1.25,0.74,0.3,1.45,2.8
193408,0.72,0.67,1.14,1.4,0.76,1.25,0.74,0.3,1.45,2.8
193409,0.72,0.67,1.14,1.4,0.76,1.25,0.74,0.3,1.45,2.8
193410,0.72,0.67,1.14,1.4,0.76,1.25,0.74,0.3,1.45,2.8
193411,0.72,0.67,1.14,1.4,0.76,1.25,0.74,0.3,1.45,2.8
193412,0.72,0.67,1.14,1.4,0.76,1.25,0.74,0.3,1.45,2.8
193501,0.72,0.67,1.14,1.4,0.76,1.25,0.74,0.3,1.45,2.8
193502,0.72,0.67,1.14,1.4,0.76,1.25,0.74,0.3,1.45,2.8
193503,0.72,0.67,1.14,1.4,0.76,1.25,0.74,0.3,1.45,2.8
193504,0.72,0.67,1.14,1.4,0.76,1.25,0.74,0.3,1.45,2.8
193505,0.72,0.67,1.14,1.4,0.76,1.25,0.74,0.3,1.45,2.8
193506,0.72,0.67,1.14,1.4,0.76,1.25,0.74,0.3,1.45,2.8
193507,0.68,0.59,1.03,1.32,0.62,1.12,0.74,0.33,1.51,3.06
193508,0.68,0.59,1.03,1.32,0.62,1.12,0.74,0.33,1.51,3.06
193509,0.68,0.59,1.03,1.32,0.62,1.12,0.74,0.33,1.51,3.06
193510,0.68,0.59,1.03,1.32,0.62,1.12,0.74,0.33,1.51,3.06
193511,0.68,0.59,1.03,1.32,0.62,1.12,0.74,0.33,1.51,3.06
193512,0.68,0.59,1.03,1.32,0.62,1.12,0.74,0.33,1.51,3.06
193601,0.68,0.59,1.03,1.32,0.62,1.12,0.74,0.33,1.51,3.06
193602,0.68,0.59,1.03,1.32,0.62,1.12,0.74,0.33,1.51,3.06
193603,0.68,0.59,1.03,1.32,0.62,1.12,0.74,0.33,1.51,3.06
193604,0.68,0.59,1.03,1.32,0.62,1.12,0.74,0.33,1.51,3.06
193605,0.68,0.59,1.03,1.32,0.62,1.12,0.74,0.33,1.51,3.06
193606,0.68,0.59,1.03,1.32,0.62,1.12,0.74,0.33,1.51,3.06
193607,0.65,0.32,0.69,0.81,0.43,0.81,0.64,0.31,1.03,2.06
193608,0.65,0.32,0.69,0.81,0.43,0.81,0.64,0.31,1.03,2.06
193609,0.65,0.32,0.69,0.81,0.43,0.81,0.64,0.31,1.03,2.06
193610,0.65,0.32,0.69,0.81,0.43,0.81,0.64,0.31,1.03,2.06
193611,0.65,0.32,0.69,0.81,0.43,0.81,0.64,0.31,1.03,2.06
193612,0.65,0.32,0.69,0.81,0.43,0.81,0.64,0.31,1.03,2.06
193701,0.65,0.32,0.69,0.81,0.43,0.81,0.64,0.31,1.03,2.06
193702,0.65,0.32,0.69,0.81,0.43,0.81,0.64,0.31,1.03,2.06
193703,0.65,0.32,0.69,0.81,0.43,0.81,0.64,0.31,1.03,2.06
193704,0.65,0.32,0.69,0.81,0.43,0.81,0.64,0.31,1.03,2.06
193705,0.65,0.32,0.69,0.81,0.43,0.81,0.64,0.31,1.03,2.06
193706,0.65,0.32,0.69,0.81,0.43,0.81,0.64,0.31,1.03,2.06
193707,0.67,0.43,0.57,0.84,0.37,0.86,0.64,0.29,1.31,1.9
193708,0.67,0.43,0.57,0.84,0.37,0.86,0.64,0.29,1.31,1.9
193709,0.67,0.43,0.57,0.84,0.37,0.86,0.64,0.29,1.31,1.9
193710,0.67,0.43,0.57,0.84,0.37,0.86,0.64,0.29,1.31,1.9
193711,0.67,0.43,0.57,0.84,0.37,0.86,0.64,0.29,1.31,1.9
193712,0.67,0.43,0.57,0.84,0.37,0.86,0.64,0.29,1.31,1.9
193801,0.67,0.43,0.57,0.84,0.37,0.86,0.64,0.29,1.31,1.9
193802,0.67,0.43,0.57,0.84,0.37,0.86,0.64,0.29,1.31,1.9
193803,0.67,0.43,0.57,0.84,0.37,0.86,0.64,0.29,1.31,1.9
193804,0.67,0.43,0.57,0.84,0.37,0.86,0.64,0.29,1.31,1.9
193805,0.67,0.43,0.57,0.84,0.37,0.86,0.64,0.29,1.31,1.9
193806,0.67,0.43,0.57,0.84,0.37,0.86,0.64,0.29,1.31,1.9
193807,0.81,0.65,0.84,1.19,0.46,0.96,0.82,0.31,1.56,2.94
193808,0.81,0.65,0.84,1.19,0.46,0.96,0.82,0.31,1.56,2.94
193809,0.81,0.65,0.84,1.19,0.46,0.96,0.82,0.31,1.56,2.94
193810,0.81,0.65,0.84,1.19,0.46,0.96,0.82,0.31,1.56,2.94
193811,0.81,0.65,0.84,1.19,0.46,0.96,0.82,0.31,1.56,2.94
193812,0.81,0.65,0.84,1.19,0.46,0.96,0.82,0.31,1.56,2.94
193901,0.81,0.65,0.84,1.19,0.46,0.96,0.82,0.31,1.56,2.94
193902,0.81,0.65,0.84,1.19,0.46,0.96,0.82,0.31,1.56,2.94
193903,0.81,0.65,0.84,1.19,0.46,0.96,0.82,0.31,1.56,2.94
193904,0.81,0.65,0.84,1.19,0.46,0.96,0.82,0.31,1.56,2.94
193905,0.81,0.65,0.84,1.19,0.46,0.96,0.82,0.31,1.56,2.94
193906,0.81,0.65,0.84,1.19,0.46,0.96,0.82,0.31,1.56,2.94
193907,0.79,0.62,0.88,1.54,0.53,0.86,0.74,0.27,1.19,3.21
193908,0.79,0.62,0.88,1.54,0.53,0.86,0.74,0.27,1.19,3.21
193909,0.79,0.62,0.88,1.54,0.53,0.86,0.74,0.27,1.19,3.21
193910,0.79,0.62,0.88,1.54,0.53,0.86,0.74,0.27,1.19,3.21
193911,0.79,0.62,0.88,1.54,0.53,0.86,0.74,0.27,1.19,3.21
193912,0.79,0.62,0.88,1.54,0.53,0.86,0.74,0.27,1.19,3.21
194001,0.79,0.62,0.88,1.54,0.53,0.86,0.74,0.27,1.19,3.21
194002,0.79,0.62,0.88,1.54,0.53,0.86,0.74,0.27,1.19,3.21
194003,0.79,0.62,0.88,1.54,0.53,0.86,0.74,0.27,1.19,3.21
194004,0.79,0.62,0.88,1.54,0.53,0.86,0.74,0.27,1.19,3.21
194005,0.79,0.62,0.88,1.54,0.53,0.86,0.74,0.27,1.19,3.21
194006,0.79,0.62,0.88,1.54,0.53,0.86,0.74,0.27,1.19,3.21
194007,0.89,0.62,0.9,1.82,0.62,0.86,0.84,0.33,1.18,3.26
194008,0.89,0.62,0.9,1.82,0.62,0.86,0.84,0.33,1.18,3.26
194009,0.89,0.62,0.9,1.82,0.62,0.86,0.84,0.33,1.18,3.26
194010,0.89,0.62,0.9,1.82,0.62,0.86,0.84,0.33,1.18,3.26
194011,0.89,0.62,0.9,1.82,0.62,0.86,0.84,0.33,1.18,3.26
194012,0.89,0.62,0.9,1.82,0.62,0.86,0.84,0.33,1.18,3.26
194101,0.89,0.62,0.9,1.82,0.62,0.86,0.84,0.33,1.18,3.26
194102,0.89,0.62,0.9,1.82,0.62,0.86,0.84,0.33,1.18,3.26
194103,0.89,0.62,0.9,1.82,0.62,0.86,0.84,0.33,1.18,3.26
194104,0.89,0.62,0.9,1.82,0.62,0.86,0.84,0.33,1.18,3.26
194105,0.89,0.62,0.9,1.82,0.62,0.86,0.84,0.33,1.18,3.26
194106,0.89,0.62,0.9,1.82,0.62,0.86,0.84,0.33,1.18,3.26
194107,0.94,0.7,0.89,1.51,0.6,0.9,0.87,0.43,1.69,3
194108,0.94,0.7,0.89,1.51,0.6,0.9,0.87,0.43,1.69,3
194109,0.94,0.7,0.89,1.51,0.6,0.9,0.87,0.43,1.69,3
194110,0.94,0.7,0.89,1.51,0.6,0.9,0.87,0.43,1.69,3
194111,0.94,0.7,0.89,1.51,0.6,0.9,0.87,0.43,1.69,3
194112,0.94,0.7,0.89,1.51,0.6,0.9,0.87,0.43,1.69,3
194201,0.94,0.7,0.89,1.51,0.6,0.9,0.87,0.43,1.69,3
194202,0.94,0.7,0.89,1.51,0.6,0.9,0.87,0.43,1.69,3
194203,0.94,0.7,0.89,1.51,0.6,0.9,0.87,0.43,1.69,3
194204,0.94,0.7,0.89,1.51,0.6,0.9,0.87,0.43,1.69,3
194205,0.94,0.7,0.89,1.51,0.6,0.9,0.87,0.43,1.69,3
194206,0.94,0.7,0.89,1.51,0.6,0.9,0.87,0.43,1.69,3
194207,1.1,0.77,1.17,1.81,0.73,1.27,1.1,0.46,2.49,3.44
194208,1.1,0.77,1.17,1.81,0.73,1.27,1.1,0.46,2.49,3.44
194209,1.1,0.77,1.17,1.81,0.73,1.27,1.1,0.46,2.49,3.44
194210,1.1,0.77,1.17,1.81,0.73,1.27,1.1,0.46,2.49,3.44
194211,1.1,0.77,1.17,1.81,0.73,1.27,1.1,0.46,2.49,3.44
194212,1.1,0.77,1.17,1.81,0.73,1.27,1.1,0.46,2.49,3.44
194301,1.1,0.77,1.17,1.81,0.73,1.27,1.1,0.46,2.49,3.44
194302,1.1,0.77,1.17,1.81,0.73,1.27,1.1,0.46,2.49,3.44
194303,1.1,0.77,1.17,1.81,0.73,1.27,1.1,0.46,2.49,3.44
194304,1.1,0.77,1.17,1.81,0.73,1.27,1.1,0.46,2.49,3.44
194305,1.1,0.77,1.17,1.81,0.73,1.27,1.1,0.46,2.49,3.44
194306,1.1,0.77,1.17,1.81,0.73,1.27,1.1,0.46,2.49,3.44
194307,0.8,0.53,0.88,1.1,0.47,0.9,0.72,0.34,1.5,2.19
194308,0.8,0.53,0.88,1.1,0.47,0.9,0.72,0.34,1.5,2.19
194309,0.8,0.53,0.88,1.1,0.47,0.9,0.72,0.34,1.5,2.19
194310,0.8,0.53,0.88,1.1,0.47,0.9,0.72,0.34,1.5,2.19
194311,0.8,0.53,0.88,1.1,0.47,0.9,0.72,0.34,1.5,2.19
194312,0.8,0.53,0.88,1.1,0.47,0.9,0.72,0.34,1.5,2.19
194401,0.8,0.53,0.88,1.1,0.47,0.9,0.72,0.34,1.5,2.19
194402,0.8,0.53,0.88,1.1,0.47,0.9,0.72,0.34,1.5,2.19
194403,0.8,0.53,0.88,1.1,0.47,0.9,0.72,0.34,1.5,2.19
194404,0.8,0.53,0.88,1.1,0.47,0.9,0.72,0.34,1.5,2.19
194405,0.8,0.53,0.88,1.1,0.47,0.9,0.72,0.34,1.5,2.19
194406,0.8,0.53,0.88,1.1,0.47,0.9,0.72,0.34,1.5,2.19
194407,0.75,0.48,0.85,1.14,0.48,0.81,0.7,0.34,1.4,2.16
194408,0.75,0.48,0.85,1.14,0.48,0.81,0.7,0.34,1.4,2.16
194409,0.75,0.48,0.85,1.14,0.48,0.81,0.7,0.34,1.4,2.16
194410,0.75,0.48,0.85,1.14,0.48,0.81,0.7,0.34,1.4,2.16
194411,0.75,0.48,0.85,1.14,0.48,0.81,0.7,0.34,1.4,2.16
194412,0.75,0.48,0.85,1.14,0.48,0.81,0.7,0.34,1.4,2.16
194501,0.75,0.48,0.85,1.14,0.48,0.81,0.7,0.34,1.4,2.16
194502,0.75,0.48,0.85,1.14,0.48,0.81,0.7,0.34,1.4,2.16
194503,0.75,0.48,0.85,1.14,0.48,0.81,0.7,0.34,1.4,2.16
194504,0.75,0.48,0.85,1.14,0.48,0.81,0.7,0.34,1.4,2.16
194505,0.75,0.48,0.85,1.14,0.48,0.81,0.7,0.34,1.4,2.16
194506,0.75,0.48,0.85,1.14,0.48,0.81,0.7,0.34,1.4,2.16
194507,0.65,0.45,0.75,1.04,0.46,0.76,0.6,0.38,1.1,1.7
194508,0.65,0.45,0.75,1.04,0.46,0.76,0.6,0.38,1.1,1.7
194509,0.65,0.45,0.75,1.04,0.46,0.76,0.6,0.38,1.1,1.7
194510,0.65,0.45,0.75,1.04,0.46,0.76,0.6,0.38,1.1,1.7
194511,0.65,0.45,0.75,1.04,0.46,0.76,0.6,0.38,1.1,1.7
194512,0.65,0.45,0.75,1.04,0.46,0.76,0.6,0.38,1.1,1.7
194601,0.65,0.45,0.75,1.04,0.46,0.76,0.6,0.38,1.1,1.7
194602,0.65,0.45,0.75,1.04,0.46,0.76,0.6,0.38,1.1,1.7
194603,0.65,0.45,0.75,1.04,0.46,0.76,0.6,0.38,1.1,1.7
194604,0.65,0.45,0.75,1.04,0.46,0.76,0.6,0.38,1.1,1.7
194605,0.65,0.45,0.75,1.04,0.46,0.76,0.6,0.38,1.1,1.7
194606,0.65,0.45,0.75,1.04,0.46,0.76,0.6,0.38,1.1,1.7
194607,0.5,0.43,0.6,0.84,0.47,0.66,0.42,0.24,0.83,1.4
194608,0.5,0.43,0.6,0.84,0.47,0.66,0.42,0.24,0.83,1.4
194609,0.5,0.43,0.6,0.84,0.47,0.66,0.42,0.24,0.83,1.4
194610,0.5,0.43,0.6,0.84,0.47,0.66,0.42,0.24,0.83,1.4
194611,0.5,0.43,0.6,0.84,0.47,0.66,0.42,0.24,0.83,1.4
194612,0.5,0.43,0.6,0.84,0.47,0.66,0.42,0.24,0.83,1.4
194701,0.5,0.43,0.6,0.84,0.47,0.66,0.42,0.24,0.83,1.4
194702,0.5,0.43,0.6,0.84,0.47,0.66,0.42,0.24,0.83,1.4
194703,0.5,0.43,0.6,0.84,0.47,0.66,0.42,0.24,0.83,1.4
194704,0.5,0.43,0.6,0.84,0.47,0.66,0.42,0.24,0.83,1.4
194705,0.5,0.43,0.6,0.84,0.47,0.66,0.42,0.24,0.83,1.4
194706,0.5,0.43,0.6,0.84,0.47,0.66,0.42,0.24,0.83,1.4
194707,0.7,0.57,0.82,0.95,0.54,0.85,0.63,0.44,0.97,2.15
194708,0.7,0.57,0.82,0.95,0.54,0.85,0.63,0.44,0.97,2.15
194709,0.7,0.57,0.82,0.95,0.54,0.85,0.63,0.44,0.97,2.15
194710,0.7,0.57,0.82,0.95,0.54,0.85,0.63,0.44,0.97,2.15
194711,0.7,0.57,0.82,0.95,0.54,0.85,0.63,0.44,0.97,2.15
194712,0.7,0.57,0.82,0.95,0.54,0.85,0.63,0.44,0.97,2.15
194801,0.7,0.57,0.82,0.95,0.54,0.85,0.63,0.44,0.97,2.15
194802,0.7,0.57,0.82,0.95,0.54,0.85,0.63,0.44,0.97,2.15
194803,0.7,0.57,0.82,0.95,0.54,0.85,0.63,0.44,0.97,2.15
194804,0.7,0.57,0.82,0.95,0.54,0.85,0.63,0.44,0.97,2.15
194805,0.7,0.57,0.82,0.95,0.54,0.85,0.63,0.44,0.97,2.15
194806,0.7,0.57,0.82,0.95,0.54,0.85,0.63,0.44,0.97,2.15
194807,0.87,0.57,0.78,0.81,0.55,0.9,0.66,0.48,0.98,1.96
194808,0.87,0.57,0.78,0.81,0.55,0.9,0.66,0.48,0.98,1.96
194809,0.87,0.57,0.78,0.81,0.55,0.9,0.66,0.48,0.98,1.96
194810,0.87,0.57,0.78,0.81,0.55,0.9,0.66,0.48,0.98,1.96
194811,0.87,0.57,0.78,0.81,0.55,0.9,0.66,0.48,0.98,1.96
194812,0.87,0.57,0.78,0.81,0.55,0.9,0.66,0.48,0.98,1.96
194901,0.87,0.57,0.78,0.81,0.55,0.9,0.66,0.48,0.98,1.96
194902,0.87,0.57,0.78,0.81,0.55,0.9,0.66,0.48,0.98,1.96
194903,0.87,0.57,0.78,0.81,0.55,0.9,0.66,0.48,0.98,1.96
194904,0.87,0.57,0.78,0.81,0.55,0.9,0.66,0.48,0.98,1.96
194905,0.87,0.57,0.78,0.81,0.55,0.9,0.66,0.48,0.98,1.96
194906,0.87,0.57,0.78,0.81,0.55,0.9,0.66,0.48,0.98,1.96
194907,0.91,0.84,1.03,1.27,0.78,1.06,0.81,0.54,1.04,2.53
194908,0.91,0.84,1.03,1.27,0.78,1.06,0.81,0.54,1.04,2.53
194909,0.91,0.84,1.03,1.27,0.78,1.06,0.81,0.54,1.04,2.53
194910,0.91,0.84,1.03,1.27,0.78,1.06,0.81,0.54,1.04,2.53
194911,0.91,0.84,1.03,1.27,0.78,1.06,0.81,0.54,1.04,2.53
194912,0.91,0.84,1.03,1.27,0.78,1.06,0.81,0.54,1.04,2.53
195001,0.91,0.84,1.03,1.27,0.78,1.06,0.81,0.54,1.04,2.53
195002,0.91,0.84,1.03,1.27,0.78,1.06,0.81,0.54,1.04,2.53
195003,0.91,0.84,1.03,1.27,0.78,1.06,0.81,0.54,1.04,2.53
195004,0.91,0.84,1.03,1.27,0.78,1.06,0.81,0.54,1.04,2.53
195005,0.91,0.84,1.03,1.27,0.78,1.06,0.81,0.54,1.04,2.53
195006,0.91,0.84,1.03,1.27,0.78,1.06,0.81,0.54,1.04,2.53
195007,0.88,0.64,0.87,1.12,0.64,0.94,0.77,0.45,0.85,2.38
195008,0.88,0.64,0.87,1.12,0.64,0.94,0.77,0.45,0.85,2.38
195009,0.88,0.64,0.87,1.12,0.64,0.94,0.77,0.45,0.85,2.38
195010,0.88,0.64,0.87,1.12,0.64,0.94,0.77,0.45,0.85,2.38
195011,0.88,0.64,0.87,1.12,0.64,0.94,0.77,0.45,0.85,2.38
195012,0.88,0.64,0.87,1.12,0.64,0.94,0.77,0.45,0.85,2.38
195101,0.88,0.64,0.87,1.12,0.64,0.94,0.77,0.45,0.85,2.38
195102,0.88,0.64,0.87,1.12,0.64,0.94,0.77,0.45,0.85,2.38
195103,0.88,0.64,0.87,1.12,0.64,0.94,0.77,0.45,0.85,2.38
195104,0.88,0.64,0.87,1.12,0.64,0.94,0.77,0.45,0.85,2.38
195105,0.88,0.64,0.87,1.12,0.64,0.94,0.77,0.45,0.85,2.38
195106,0.88,0.64,0.87,1.12,0.64,0.94,0.77,0.45,0.85,2.38
195107,0.92,0.7,0.79,0.87,0.6,0.97,0.78,0.38,0.85,1.98
195108,0.92,0.7,0.79,0.87,0.6,0.97,0.78,0.38,0.85,1.98
195109,0.92,0.7,0.79,0.87,0.6,0.97,0.78,0.38,0.85,1.98
195110,0.92,0.7,0.79,0.87,0.6,0.97,0.78,0.38,0.85,1.98
195111,0.92,0.7,0.79,0.87,0.6,0.97,0.78,0.38,0.85,1.98
195112,0.92,0.7,0.79,0.87,0.6,0.97,0.78,0.38,0.85,1.98
195201,0.92,0.7,0.79,0.87,0.6,0.97,0.78,0.38,0.85,1.98
195202,0.92,0.7,0.79,0.87,0.6,0.97,0.78,0.38,0.85,1.98
195203,0.92,0.7,0.79,0.87,0.6,0.97,0.78,0.38,0.85,1.98
195204,0.92,0.7,0.79,0.87,0.6,0.97,0.78,0.38,0.85,1.98
195205,0.92,0.7,0.79,0.87,0.6,0.97,0.78,0.38,0.85,1.98
195206,0.92,0.7,0.79,0.87,0.6,0.97,0.78,0.38,0.85,1.98
195207,0.98,0.6,0.79,0.73,0.56,0.97,0.79,0.43,0.71,1.71
195208,0.98,0.6,0.79,0.73,0.56,0.97,0.79,0.43,0.71,1.71
195209,0.98,0.6,0.79,0.73,0.56,0.97,0.79,0.43,0.71,1.71
195210,0.98,0.6,0.79,0.73,0.56,0.97,0.79,0.43,0.71,1.71
195211,0.98,0.6,0.79,0.73,0.56,0.97,0.79,0.43,0.71,1.71
195212,0.98,0.6,0.79,0.73,0.56,0.97,0.79,0.43,0.71,1.71
195301,0.98,0.6,0.79,0.73,0.56,0.97,0.79,0.43,0.71,1.71
195302,0.98,0.6,0.79,0.73,0.56,0.97,0.79,0.43,0.71,1.71
195303,0.98,0.6,0.79,0.73,0.56,0.97,0.79,0.43,0.71,1.71
195304,0.98,0.6,0.79,0.73,0.56,0.97,0.79,0.43,0.71,1.71
195305,0.98,0.6,0.79,0.73,0.56,0.97,0.79,0.43,0.71,1.71
195306,0.98,0.6,0.79,0.73,0.56,0.97,0.79,0.43,0.71,1.71
195307,0.99,0.65,0.86,0.9,0.6,0.97,0.88,0.58,0.78,1.82
195308,0.99,0.65,0.86,0.9,0.6,0.97,0.88,0.58,0.78,1.82
195309,0.99,0.65,0.86,0.9,0.6,0.97,0.88,0.58,0.78,1.82
195310,0.99,0.65,0.86,0.9,0.6,0.97,0.88,0.58,0.78,1.82
195311,0.99,0.65,0.86,0.9,0.6,0.97,0.88,0.58,0.78,1.82
195312,0.99,0.65,0.86,0.9,0.6,0.97,0.88,0.58,0.78,1.82
195401,0.99,0.65,0.86,0.9,0.6,0.97,0.88,0.58,0.78,1.82
195402,0.99,0.65,0.86,0.9,0.6,0.97,0.88,0.58,0.78,1.82
195403,0.99,0.65,0.86,0.9,0.6,0.97,0.88,0.58,0.78,1.82
195404,0.99,0.65,0.86,0.9,0.6,0.97,0.88,0.58,0.78,1.82
195405,0.99,0.65,0.86,0.9,0.6,0.97,0.88,0.58,0.78,1.82
195406,0.99,0.65,0.86,0.9,0.6,0.97,0.88,0.58,0.78,1.82
195407,0.98,0.59,0.71,0.82,0.4,0.9,0.79,0.52,0.67,1.74
195408,0.98,0.59,0.71,0.82,0.4,0.9,0.79,0.52,0.67,1.74
195409,0.98,0.59,0.71,0.82,0.4,0.9,0.79,0.52,0.67,1.74
195410,0.98,0.59,0.71,0.82,0.4,0.9,0.79,0.52,0.67,1.74
195411,0.98,0.59,0.71,0.82,0.4,0.9,0.79,0.52,0.67,1.74
195412,0.98,0.59,0.71,0.82,0.4,0.9,0.79,0.52,0.67,1.74
195501,0.98,0.59,0.71,0.82,0.4,0.9,0.79,0.52,0.67,1.74
195502,0.98,0.59,0.71,0.82,0.4,0.9,0.79,0.52,0.67,1.74
195503,0.98,0.59,0.71,0.82,0.4,0.9,0.79,0.52,0.67,1.74
195504,0.98,0.59,0.71,0.82,0.4,0.9,0.79,0.52,0.67,1.74
195505,0.98,0.59,0.71,0.82,0.4,0.9,0.79,0.52,0.67,1.74
195506,0.98,0.59,0.71,0.82,0.4,0.9,0.79,0.52,0.67,1.74
195507,0.83,0.41,0.47,0.62,0.32,0.83,0.61,0.42,0.61,1.17
195508,0.83,0.41,0.47,0.62,0.32,0.83,0.61,0.42,0.61,1.17
195509,0.83,0.41,0.47,0.62,0.32,0.83,0.61,0.42,0.61,1.17
195510,0.83,0.41,0.47,0.62,0.32,0.83,0.61,0.42,0.61,1.17
195511,0.83,0.41,0.47,0.62,0.32,0.83,0.61,0.42,0.61,1.17
195512,0.83,0.41,0.47,0.62,0.32,0.83,0.61,0.42,0.61,1.17
195601,0.83,0.41,0.47,0.62,0.32,0.83,0.61,0.42,0.61,1.17
195602,0.83,0.41,0.47,0.62,0.32,0.83,0.61,0.42,0.61,1.17
195603,0.83,0.41,0.47,0.62,0.32,0.83,0.61,0.42,0.61,1.17
195604,0.83,0.41,0.47,0.62,0.32,0.83,0.61,0.42,0.61,1.17
195605,0.83,0.41,0.47,0.62,0.32,0.83,0.61,0.42,0.61,1.17
195606,0.83,0.41,0.47,0.62,0.32,0.83,0.61,0.42,0.61,1.17
195607,0.87,0.43,0.46,0.54,0.32,0.86,0.62,0.37,0.63,1.29
195608,0.87,0.43,0.46,0.54,0.32,0.86,0.62,0.37,0.63,1.29
195609,0.87,0.43,0.46,0.54,0.32,0.86,0.62,0.37,0.63,1.29
195610,0.87,0.43,0.46,0.54,0.32,0.86,0.62,0.37,0.63,1.29
195611,0.87,0.43,0.46,0.54,0.32,0.86,0.62,0.37,0.63,1.29
195612,0.87,0.43,0.46,0.54,0.32,0.86,0.62,0.37,0.63,1.29
195701,0.87,0.43,0.46,0.54,0.32,0.86,0.62,0.37,0.63,1.29
195702,0.87,0.43,0.46,0.54,0.32,0.86,0.62,0.37,0.63,1.29
195703,0.87,0.43,0.46,0.54,0.32,0.86,0.62,0.37,0.63,1.29
195704,0.87,0.43,0.46,0.54,0.32,0.86,0.62,0.37,0.63,1.29
195705,0.87,0.43,0.46,0.54,0.32,0.86,0.62,0.37,0.63,1.29
195706,0.87,0.43,0.46,0.54,0.32,0.86,0.62,0.37,0.63,1.29
195707,0.94,0.5,0.53,0.53,0.29,0.9,0.73,0.31,0.66,1.45
195708,0.94,0.5,0.53,0.53,0.29,0.9,0.73,0.31,0.66,1.45
195709,0.94,0.5,0.53,0.53,0.29,0.9,0.73,0.31,0.66,1.45
195710,0.94,0.5,0.53,0.53,0.29,0.9,0.73,0.31,0.66,1.45
195711,0.94,0.5,0.53,0.53,0.29,0.9,0.73,0.31,0.66,1.45
195712,0.94,0.5,0.53,0.53,0.29,0.9,0.73,0.31,0.66,1.45
195801,0.94,0.5,0.53,0.53,0.29,0.9,0.73,0.31,0.66,1.45
195802,0.94,0.5,0.53,0.53,0.29,0.9,0.73,0.31,0.66,1.45
195803,0.94,0.5,0.53,0.53,0.29,0.9,0.73,0.31,0.66,1.45
195804,0.94,0.5,0.53,0.53,0.29,0.9,0.73,0.31,0.66,1.45
195805,0.94,0.5,0.53,0.53,0.29,0.9,0.73,0.31,0.66,1.45
195806,0.94,0.5,0.53,0.53,0.29,0.9,0.73,0.31,0.66,1.45
195807,0.83,0.6,0.63,0.66,0.36,0.85,0.67,0.28,0.59,1.54
195808,0.83,0.6,0.63,0.66,0.36,0.85,0.67,0.28,0.59,1.54
195809,0.83,0.6,0.63,0.66,0.36,0.85,0.67,0.28,0.59,1.54
195810,0.83,0.6,0.63,0.66,0.36,0.85,0.67,0.28,0.59,1.54
195811,0.83,0.6,0.63,0.66,0.36,0.85,0.67,0.28,0.59,1.54
195812,0.83,0.6,0.63,0.66,0.36,0.85,0.67,0.28,0.59,1.54
195901,0.83,0.6,0.63,0.66,0.36,0.85,0.67,0.28,0.59,1.54
195902,0.83,0.6,0.63,0.66,0.36,0.85,0.67,0.28,0.59,1.54
195903,0.83,0.6,0.63,0.66,0.36,0.85,0.67,0.28,0.59,1.54
195904,0.83,0.6,0.63,0.66,0.36,0.85,0.67,0.28,0.59,1.54
195905,0.83,0.6,0.63,0.66,0.36,0.85,0.67,0.28,0.59,1.54
195906,0.83,0.6,0.63,0.66,0.36,0.85,0.67,0.28,0.59,1.54
195907,0.67,0.43,0.46,0.69,0.24,0.66,0.51,0.18,0.55,1.26
195908,0.67,0.43,0.46,0.69,0.24,0.66,0.51,0.18,0.55,1.26
195909,0.67,0.43,0.46,0.69,0.24,0.66,0.51,0.18,0.55,1.26
195910,0.67,0.43,0.46,0.69,0.24,0.66,0.51,0.18,0.55,1.26
195911,0.67,0.43,0.46,0.69,0.24,0.66,0.51,0.18,0.55,1.26
195912,0.67,0.43,0.46,0.69,0.24,0.66,0.51,0.18,0.55,1.26
196001,0.67,0.43,0.46,0.69,0.24,0.66,0.51,0.18,0.55,1.26
196002,0.67,0.43,0.46,0.69,0.24,0.66,0.51,0.18,0.55,1.26
196003,0.67,0.43,0.46,0.69,0.24,0.66,0.51,0.18,0.55,1.26
196004,0.67,0.43,0.46,0.69,0.24,0.66,0.51,0.18,0.55,1.26
196005,0.67,0.43,0.46,0.69,0.24,0.66,0.51,0.18,0.55,1.26
196006,0.67,0.43,0.46,0.69,0.24,0.66,0.51,0.18,0.55,1.26
196007,0.58,0.54,0.53,0.89,0.22,0.61,0.49,0.19,0.51,1.48
196008,0.58,0.54,0.53,0.89,0.22,0.61,0.49,0.19,0.51,1.48
196009,0.58,0.54,0.53,0.89,0.22,0.61,0.49,0.19,0.51,1.48
196010,0.58,0.54,0.53,0.89,0.22,0.61,0.49,0.19,0.51,1.48
196011,0.58,0.54,0.53,0.89,0.22,0.61,0.49,0.19,0.51,1.48
196012,0.58,0.54,0.53,0.89,0.22,0.61,0.49,0.19,0.51,1.48
196101,0.58,0.54,0.53,0.89,0.22,0.61,0.49,0.19,0.51,1.48
196102,0.58,0.54,0.53,0.89,0.22,0.61,0.49,0.19,0.51,1.48
196103,0.58,0.54,0.53,0.89,0.22,0.61,0.49,0.19,0.51,1.48
196104,0.58,0.54,0.53,0.89,0.22,0.61,0.49,0.19,0.51,1.48
196105,0.58,0.54,0.53,0.89,0.22,0.61,0.49,0.19,0.51,1.48
196106,0.58,0.54,0.53,0.89,0.22,0.61,0.49,0.19,0.51,1.48
196107,0.44,0.56,0.51,0.74,0.23,0.5,0.47,0.19,0.47,1.16
196108,0.44,0.56,0.51,0.74,0.23,0.5,0.47,0.19,0.47,1.16
196109,0.44,0.56,0.51,0.74,0.23,0.5,0.47,0.19,0.47,1.16
196110,0.44,0.56,0.51,0.74,0.23,0.5,0.47,0.19,0.47,1.16
196111,0.44,0.56,0.51,0.74,0.23,0.5,0.47,0.19,0.47,1.16
196112,0.44,0.56,0.51,0.74,0.23,0.5,0.47,0.19,0.47,1.16
196201,0.44,0.56,0.51,0.74,0.23,0.5,0.47,0.19,0.47,1.16
196202,0.44,0.56,0.51,0.74,0.23,0.5,0.47,0.19,0.47,1.16
196203,0.44,0.56,0.51,0.74,0.23,0.5,0.47,0.19,0.47,1.16
196204,0.44,0.56,0.51,0.74,0.23,0.5,0.47,0.19,0.47,1.16
196205,0.44,0.56,0.51,0.74,0.23,0.5,0.47,0.19,0.47,1.16
196206,0.44,0.56,0.51,0.74,0.23,0.5,0.47,0.19,0.47,1.16
196207,0.6,0.57,0.71,0.81,0.32,0.62,0.57,0.28,0.54,1.55
196208,0.6,0.57,0.71,0.81,0.32,0.62,0.57,0.28,0.54,1.55
196209,0.6,0.57,0.71,0.81,0.32,0.62,0.57,0.28,0.54,1.55
196210,0.6,0.57,0.71,0.81,0.32,0.62,0.57,0.28,0.54,1.55
196211,0.6,0.57,0.71,0.81,0.32,0.62,0.57,0.28,0.54,1.55
196212,0.6,0.57,0.71,0.81,0.32,0.62,0.57,0.28,0.54,1.55
196301,0.6,0.57,0.71,0.81,0.32,0.62,0.57,0.28,0.54,1.55
196302,0.6,0.57,0.71,0.81,0.32,0.62,0.57,0.28,0.54,1.55
196303,0.6,0.57,0.71,0.81,0.32,0.62,0.57,0.28,0.54,1.55
196304,0.6,0.57,0.71,0.81,0.32,0.62,0.57,0.28,0.54,1.55
196305,0.6,0.57,0.71,0.81,0.32,0.62,0.57,0.28,0.54,1.55
196306,0.6,0.57,0.71,0.81,0.32,0.62,0.57,0.28,0.54,1.55
196307,0.55,0.4,0.59,0.61,0.28,0.53,0.5,0.27,0.46,1.11
196308,0.55,0.4,0.59,0.61,0.28,0.53,0.5,0.27,0.46,1.11
196309,0.55,0.4,0.59,0.61,0.28,0.53,0.5,0.27,0.46,1.11
196310,0.55,0.4,0.59,0.61,0.28,0.53,0.5,0.27,0.46,1.11
196311,0.55,0.4,0.59,0.61,0.28,0.53,0.5,0.27,0.46,1.11
196312,0.55,0.4,0.59,0.61,0.28,0.53,0.5,0.27,0.46,1.11
196401,0.55,0.4,0.59,0.61,0.28,0.53,0.5,0.27,0.46,1.11
196402,0.55,0.4,0.59,0.61,0.28,0.53,0.5,0.27,0.46,1.11
196403,0.55,0.4,0.59,0.61,0.28,0.53,0.5,0.27,0.46,1.11
196404,0.55,0.4,0.59,0.61,0.28,0.53,0.5,0.27,0.46,1.11
196405,0.55,0.4,0.59,0.61,0.28,0.53,0.5,0.27,0.46,1.11
196406,0.55,0.4,0.59,0.61,0.28,0.53,0.5,0.27,0.46,1.11
196407,0.51,0.37,0.53,0.55,0.24,0.47,0.43,0.26,0.46,0.93
196408,0.51,0.37,0.53,0.55,0.24,0.47,0.43,0.26,0.46,0.93
196409,0.51,0.37,0.53,0.55,0.24,0.47,0.43,0.26,0.46,0.93
196410,0.51,0.37,0.53,0.55,0.24,0.47,0.43,0.26,0.46,0.93
196411,0.51,0.37,0.53,0.55,0.24,0.47,0.43,0.26,0.46,0.93
196412,0.51,0.37,0.53,0.55,0.24,0.47,0.43,0.26,0.46,0.93
196501,0.51,0.37,0.53,0.55,0.24,0.47,0.43,0.26,0.46,0.93
196502,0.51,0.37,0.53,0.55,0.24,0.47,0.43,0.26,0.46,0.93
196503,0.51,0.37,0.53,0.55,0.24,0.47,0.43,0.26,0.46,0.93
196504,0.51,0.37,0.53,0.55,0.24,0.47,0.43,0.26,0.46,0.93
196505,0.51,0.37,0.53,0.55,0.24,0.47,0.43,0.26,0.46,0.93
196506,0.51,0.37,0.53,0.55,0.24,0.47,0.43,0.26,0.46,0.93
196507,0.5,0.36,0.53,0.57,0.27,0.54,0.4,0.23,0.46,0.98
196508,0.5,0.36,0.53,0.57,0.27,0.54,0.4,0.23,0.46,0.98
196509,0.5,0.36,0.53,0.57,0.27,0.54,0.4,0.23,0.46,0.98
196510,0.5,0.36,0.53,0.57,0.27,0.54,0.4,0.23,0.46,0.98
196511,0.5,0.36,0.53,0.57,0.27,0.54,0.4,0.23,0.46,0.98
196512,0.5,0.36,0.53,0.57,0.27,0.54,0.4,0.23,0.46,0.98
196601,0.5,0.36,0.53,0.57,0.27,0.54,0.4,0.23,0.46,0.98
196602,0.5,0.36,0.53,0.57,0.27,0.54,0.4,0.23,0.46,0.98
196603,0.5,0.36,0.53,0.57,0.27,0.54,0.4,0.23,0.46,0.98
196604,0.5,0.36,0.53,0.57,0.27,0.54,0.4,0.23,0.46,0.98
196605,0.5,0.36,0.53,0.57,0.27,0.54,0.4,0.23,0.46,0.98
196606,0.5,0.36,0.53,0.57,0.27,0.54,0.4,0.23,0.46,0.98
196607,0.53,0.42,0.5,0.6,0.23,0.67,0.48,0.2,0.54,0.84
196608,0.53,0.42,0.5,0.6,0.23,0.67,0.48,0.2,0.54,0.84
196609,0.53,0.42,0.5,0.6,0.23,0.67,0.48,0.2,0.54,0.84
196610,0.53,0.42,0.5,0.6,0.23,0.67,0.48,0.2,0.54,0.84
196611,0.53,0.42,0.5,0.6,0.23,0.67,0.48,0.2,0.54,0.84
196612,0.53,0.42,0.5,0.6,0.23,0.67,0.48,0.2,0.54,0.84
196701,0.53,0.42,0.5,0.6,0.23,0.67,0.48,0.2,0.54,0.84
196702,0.53,0.42,0.5,0.6,0.23,0.67,0.48,0.2,0.54,0.84
196703,0.53,0.42,0.5,0.6,0.23,0.67,0.48,0.2,0.54,0.84
196704,0.53,0.42,0.5,0.6,0.23,0.67,0.48,0.2,0.54,0.84
196705,0.53,0.42,0.5,0.6,0.23,0.67,0.48,0.2,0.54,0.84
196706,0.53,0.42,0.5,0.6,0.23,0.67,0.48,0.2,0.54,0.84
196707,0.5,0.46,0.49,0.58,0.19,0.66,0.46,0.18,0.57,0.77
196708,0.5,0.46,0.49,0.58,0.19,0.66,0.46,0.18,0.57,0.77
196709,0.5,0.46,0.49,0.58,0.19,0.66,0.46,0.18,0.57,0.77
196710,0.5,0.46,0.49,0.58,0.19,0.66,0.46,0.18,0.57,0.77
196711,0.5,0.46,0.49,0.58,0.19,0.66,0.46,0.18,0.57,0.77
196712,0.5,0.46,0.49,0.58,0.19,0.66,0.46,0.18,0.57,0.77
196801,0.5,0.46,0.49,0.58,0.19,0.66,0.46,0.18,0.57,0.77
196802,0.5,0.46,0.49,0.58,0.19,0.66,0.46,0.18,0.57,0.77
196803,0.5,0.46,0.49,0.58,0.19,0.66,0.46,0.18,0.57,0.77
196804,0.5,0.46,0.49,0.58,0.19,0.66,0.46,0.18,0.57,0.77
196805,0.5,0.46,0.49,0.58,0.19,0.66,0.46,0.18,0.57,0.77
196806,0.5,0.46,0.49,0.58,0.19,0.66,0.46,0.18,0.57,0.77
196807,0.43,0.43,0.47,0.54,0.17,0.74,0.37,0.18,0.57,0.65
196808,0.43,0.43,0.47,0.54,0.17,0.74,0.37,0.18,0.57,0.65
196809,0.43,0.43,0.47,0.54,0.17,0.74,0.37,0.18,0.57,0.65
196810,0.43,0.43,0.47,0.54,0.17,0.74,0.37,0.18,0.57,0.65
196811,0.43,0.43,0.47,0.54,0.17,0.74,0.37,0.18,0.57,0.65
196812,0.43,0.43,0.47,0.54,0.17,0.74,0.37,0.18,0.57,0.65
196901,0.43,0.43,0.47,0.54,0.17,0.74,0.37,0.18,0.57,0.65
196902,0.43,0.43,0.47,0.54,0.17,0.74,0.37,0.18,0.57,0.65
196903,0.43,0.43,0.47,0.54,0.17,0.74,0.37,0.18,0.57,0.65
196904,0.43,0.43,0.47,0.54,0.17,0.74,0.37,0.18,0.57,0.65
196905,0.43,0.43,0.47,0.54,0.17,0.74,0.37,0.18,0.57,0.65
196906,0.43,0.43,0.47,0.54,0.17,0.74,0.37,0.18,0.57,0.65
196907,0.48,0.49,0.53,0.56,0.21,0.74,0.4,0.21,0.65,0.72
196908,0.48,0.49,0.53,0.56,0.21,0.74,0.4,0.21,0.65,0.72
196909,0.48,0.49,0.53,0.56,0.21,0.74,0.4,0.21,0.65,0.72
196910,0.48,0.49,0.53,0.56,0.21,0.74,0.4,0.21,0.65,0.72
196911,0.48,0.49,0.53,0.56,0.21,0.74,0.4,0.21,0.65,0.72
196912,0.48,0.49,0.53,0.56,0.21,0.74,0.4,0.21,0.65,0.72
197001,0.48,0.49,0.53,0.56,0.21,0.74,0.4,0.21,0.65,0.72
197002,0.48,0.49,0.53,0.56,0.21,0.74,0.4,0.21,0.65,0.72
197003,0.48,0.49,0.53,0.56,0.21,0.74,0.4,0.21,0.65,0.72
197004,0.48,0.49,0.53,0.56,0.21,0.74,0.4,0.21,0.65,0.72
197005,0.48,0.49,0.53,0.56,0.21,0.74,0.4,0.21,0.65,0.72
197006,0.48,0.49,0.53,0.56,0.21,0.74,0.4,0.21,0.65,0.72
197007,0.62,0.69,0.75,0.93,0.37,1.02,0.58,0.25,0.87,1.04
197008,0.62,0.69,0.75,0.93,0.37,1.02,0.58,0.25,0.87,1.04
197009,0.62,0.69,0.75,0.93,0.37,1.02,0.58,0.25,0.87,1.04
197010,0.62,0.69,0.75,0.93,0.37,1.02,0.58,0.25,0.87,1.04
197011,0.62,0.69,0.75,0.93,0.37,1.02,0.58,0.25,0.87,1.04
197012,0.62,0.69,0.75,0.93,0.37,1.02,0.58,0.25,0.87,1.04
197101,0.62,0.69,0.75,0.93,0.37,1.02,0.58,0.25,0.87,1.04
197102,0.62,0.69,0.75,0.93,0.37,1.02,0.58,0.25,0.87,1.04
197103,0.62,0.69,0.75,0.93,0.37,1.02,0.58,0.25,0.87,1.04
197104,0.62,0.69,0.75,0.93,0.37,1.02,0.58,0.25,0.87,1.04
197105,0.62,0.69,0.75,0.93,0.37,1.02,0.58,0.25,0.87,1.04
197106,0.62,0.69,0.75,0.93,0.37,1.02,0.58,0.25,0.87,1.04
197107,0.46,0.46,0.56,0.69,0.28,0.91,0.37,0.2,0.74,0.75
197108,0.46,0.46,0.56,0.69,0.28,0.91,0.37,0.2,0.74,0.75
197109,0.46,0.46,0.56,0.69,0.28,0.91,0.37,0.2,0.74,0.75
197110,0.46,0.46,0.56,0.69,0.28,0.91,0.37,0.2,0.74,0.75
197111,0.46,0.46,0.56,0.69,0.28,0.91,0.37,0.2,0.74,0.75
197112,0.46,0.46,0.56,0.69,0.28,0.91,0.37,0.2,0.74,0.75
197201,0.46,0.46,0.56,0.69,0.28,0.91,0.37,0.2,0.74,0.75
197202,0.46,0.46,0.56,0.69,0.28,0.91,0.37,0.2,0.74,0.75
197203,0.46,0.46,0.56,0.69,0.28,0.91,0.37,0.2,0.74,0.75
197204,0.46,0.46,0.56,0.69,0.28,0.91,0.37,0.2,0.74,0.75
197205,0.46,0.46,0.56,0.69,0.28,0.91,0.37,0.2,0.74,0.75
197206,0.46,0.46,0.56,0.69,0.28,0.91,0.37,0.2,0.74,0.75
197207,0.43,0.47,0.51,0.78,0.25,1,0.34,0.18,0.87,0.68
197208,0.43,0.47,0.51,0.78,0.25,1,0.34,0.18,0.87,0.68
197209,0.43,0.47,0.51,0.78,0.25,1,0.34,0.18,0.87,0.68
197210,0.43,0.47,0.51,0.78,0.25,1,0.34,0.18,0.87,0.68
197211,0.43,0.47,0.51,0.78,0.25,1,0.34,0.18,0.87,0.68
197212,0.43,0.47,0.51,0.78,0.25,1,0.34,0.18,0.87,0.68
197301,0.43,0.47,0.51,0.78,0.25,1,0.34,0.18,0.87,0.68
197302,0.43,0.47,0.51,0.78,0.25,1,0.34,0.18,0.87,0.68
197303,0.43,0.47,0.51,0.78,0.25,1,0.34,0.18,0.87,0.68
197304,0.43,0.47,0.51,0.78,0.25,1,0.34,0.18,0.87,0.68
197305,0.43,0.47,0.51,0.78,0.25,1,0.34,0.18,0.87,0.68
197306,0.43,0.47,0.51,0.78,0.25,1,0.34,0.18,0.87,0.68
197307,0.57,0.65,0.58,0.7,0.32,0.96,0.51,0.2,0.93,0.8
197308,0.57,0.65,0.58,0.7,0.32,0.96,0.51,0.2,0.93,0.8
197309,0.57,0.65,0.58,0.7,0.32,0.96,0.51,0.2,0.93,0.8
197310,0.57,0.65,0.58,0.7,0.32,0.96,0.51,0.2,0.93,0.8
197311,0.57,0.65,0.58,0.7,0.32,0.96,0.51,0.2,0.93,0.8
197312,0.57,0.65,0.58,0.7,0.32,0.96,0.51,0.2,0.93,0.8
197401,0.57,0.65,0.58,0.7,0.32,0.96,0.51,0.2,0.93,0.8
197402,0.57,0.65,0.58,0.7,0.32,0.96,0.51,0.2,0.93,0.8
197403,0.57,0.65,0.58,0.7,0.32,0.96,0.51,0.2,0.93,0.8
197404,0.57,0.65,0.58,0.7,0.32,0.96,0.51,0.2,0.93,0.8
197405,0.57,0.65,0.58,0.7,0.32,0.96,0.51,0.2,0.93,0.8
197406,0.57,0.65,0.58,0.7,0.32,0.96,0.51,0.2,0.93,0.8
197407,0.74,0.89,0.72,0.94,0.49,1.2,0.63,0.26,1.5,1.08
197408,0.74,0.89,0.72,0.94,0.49,1.2,0.63,0.26,1.5,1.08
197409,0.74,0.89,0.72,0.94,0.49,1.2,0.63,0.26,1.5,1.08
197410,0.74,0.89,0.72,0.94,0.49,1.2,0.63,0.26,1.5,1.08
197411,0.74,0.89,0.72,0.94,0.49,1.2,0.63,0.26,1.5,1.08
197412,0.74,0.89,0.72,0.94,0.49,1.2,0.63,0.26,1.5,1.08
197501,0.74,0.89,0.72,0.94,0.49,1.2,0.63,0.26,1.5,1.08
197502,0.74,0.89,0.72,0.94,0.49,1.2,0.63,0.26,1.5,1.08
197503,0.74,0.89,0.72,0.94,0.49,1.2,0.63,0.26,1.5,1.08
197504,0.74,0.89,0.72,0.94,0.49,1.2,0.63,0.26,1.5,1.08
197505,0.74,0.89,0.72,0.94,0.49,1.2,0.63,0.26,1.5,1.08
197506,0.74,0.89,0.72,0.94,0.49,1.2,0.63,0.26,1.5,1.08
197507,0.71,0.89,0.73,0.85,0.49,1.16,0.63,0.29,1.22,0.93
197508,0.71,0.89,0.73,0.85,0.49,1.16,0.63,0.29,1.22,0.93
197509,0.71,0.89,0.73,0.85,0.49,1.16,0.63,0.29,1.22,0.93
197510,0.71,0.89,0.73,0.85,0.49,1.16,0.63,0.29,1.22,0.93
197511,0.71,0.89,0.73,0.85,0.49,1.16,0.63,0.29,1.22,0.93
197512,0.71,0.89,0.73,0.85,0.49,1.16,0.63,0.29,1.22,0.93
197601,0.71,0.89,0.73,0.85,0.49,1.16,0.63,0.29,1.22,0.93
197602,0.71,0.89,0.73,0.85,0.49,1.16,0.63,0.29,1.22,0.93
197603,0.71,0.89,0.73,0.85,0.49,1.16,0.63,0.29,1.22,0.93
197604,0.71,0.89,0.73,0.85,0.49,1.16,0.63,0.29,1.22,0.93
197605,0.71,0.89,0.73,0.85,0.49,1.16,0.63,0.29,1.22,0.93
197606,0.71,0.89,0.73,0.85,0.49,1.16,0.63,0.29,1.22,0.93
197607,0.7,0.72,0.7,0.82,0.43,1.13,0.63,0.37,1.22,0.96
197608,0.7,0.72,0.7,0.82,0.43,1.13,0.63,0.37,1.22,0.96
197609,0.7,0.72,0.7,0.82,0.43,1.13,0.63,0.37,1.22,0.96
197610,0.7,0.72,0.7,0.82,0.43,1.13,0.63,0.37,1.22,0.96
197611,0.7,0.72,0.7,0.82,0.43,1.13,0.63,0.37,1.22,0.96
197612,0.7,0.72,0.7,0.82,0.43,1.13,0.63,0.37,1.22,0.96
197701,0.7,0.72,0.7,0.82,0.43,1.13,0.63,0.37,1.22,0.96
197702,0.7,0.72,0.7,0.82,0.43,1.13,0.63,0.37,1.22,0.96
197703,0.7,0.72,0.7,0.82,0.43,1.13,0.63,0.37,1.22,0.96
197704,0.7,0.72,0.7,0.82,0.43,1.13,0.63,0.37,1.22,0.96
197705,0.7,0.72,0.7,0.82,0.43,1.13,0.63,0.37,1.22,0.96
197706,0.7,0.72,0.7,0.82,0.43,1.13,0.63,0.37,1.22,0.96
197707,0.76,0.79,0.85,0.85,0.5,1.08,0.74,0.48,1.1,1.01
197708,0.76,0.79,0.85,0.85,0.5,1.08,0.74,0.48,1.1,1.01
197709,0.76,0.79,0.85,0.85,0.5,1.08,0.74,0.48,1.1,1.01
197710,0.76,0.79,0.85,0.85,0.5,1.08,0.74,0.48,1.1,1.01
197711,0.76,0.79,0.85,0.85,0.5,1.08,0.74,0.48,1.1,1.01
197712,0.76,0.79,0.85,0.85,0.5,1.08,0.74,0.48,1.1,1.01
197801,0.76,0.79,0.85,0.85,0.5,1.08,0.74,0.48,1.1,1.01
197802,0.76,0.79,0.85,0.85,0.5,1.08,0.74,0.48,1.1,1.01
197803,0.76,0.79,0.85,0.85,0.5,1.08,0.74,0.48,1.1,1.01
197804,0.76,0.79,0.85,0.85,0.5,1.08,0.74,0.48,1.1,1.01
197805,0.76,0.79,0.85,0.85,0.5,1.08,0.74,0.48,1.1,1.01
197806,0.76,0.79,0.85,0.85,0.5,1.08,0.74,0.48,1.1,1.01
197807,0.76,0.93,0.94,1.08,0.51,1.22,0.78,0.45,1.28,1.05
197808,0.76,0.93,0.94,1.08,0.51,1.22,0.78,0.45,1.28,1.05
197809,0.76,0.93,0.94,1.08,0.51,1.22,0.78,0.45,1.28,1.05
197810,0.76,0.93,0.94,1.08,0.51,1.22,0.78,0.45,1.28,1.05
197811,0.76,0.93,0.94,1.08,0.51,1.22,0.78,0.45,1.28,1.05
197812,0.76,0.93,0.94,1.08,0.51,1.22,0.78,0.45,1.28,1.05
197901,0.76,0.93,0.94,1.08,0.51,1.22,0.78,0.45,1.28,1.05
197902,0.76,0.93,0.94,1.08,0.51,1.22,0.78,0.45,1.28,1.05
197903,0.76,0.93,0.94,1.08,0.51,1.22,0.78,0.45,1.28,1.05
197904,0.76,0.93,0.94,1.08,0.51,1.22,0.78,0.45,1.28,1.05
197905,0.76,0.93,0.94,1.08,0.51,1.22,0.78,0.45,1.28,1.05
197906,0.76,0.93,0.94,1.08,0.51,1.22,0.78,0.45,1.28,1.05
197907,0.85,1.03,0.97,0.89,0.5,1.3,0.88,0.49,1.36,1.01
197908,0.85,1.03,0.97,0.89,0.5,1.3,0.88,0.49,1.36,1.01
197909,0.85,1.03,0.97,0.89,0.5,1.3,0.88,0.49,1.36,1.01
197910,0.85,1.03,0.97,0.89,0.5,1.3,0.88,0.49,1.36,1.01
197911,0.85,1.03,0.97,0.89,0.5,1.3,0.88,0.49,1.36,1.01
197912,0.85,1.03,0.97,0.89,0.5,1.3,0.88,0.49,1.36,1.01
198001,0.85,1.03,0.97,0.89,0.5,1.3,0.88,0.49,1.36,1.01
198002,0.85,1.03,0.97,0.89,0.5,1.3,0.88,0.49,1.36,1.01
198003,0.85,1.03,0.97,0.89,0.5,1.3,0.88,0.49,1.36,1.01
198004,0.85,1.03,0.97,0.89,0.5,1.3,0.88,0.49,1.36,1.01
198005,0.85,1.03,0.97,0.89,0.5,1.3,0.88,0.49,1.36,1.01
198006,0.85,1.03,0.97,0.89,0.5,1.3,0.88,0.49,1.36,1.01
198007,0.86,1.25,1.01,0.69,0.58,1.5,0.92,0.49,1.36,1.05
198008,0.86,1.25,1.01,0.69,0.58,1.5,0.92,0.49,1.36,1.05
198009,0.86,1.25,1.01,0.69,0.58,1.5,0.92,0.49,1.36,1.05
198010,0.86,1.25,1.01,0.69,0.58,1.5,0.92,0.49,1.36,1.05
198011,0.86,1.25,1.01,0.69,0.58,1.5,0.92,0.49,1.36,1.05
198012,0.86,1.25,1.01,0.69,0.58,1.5,0.92,0.49,1.36,1.05
198101,0.86,1.25,1.01,0.69,0.58,1.5,0.92,0.49,1.36,1.05
198102,0.86,1.25,1.01,0.69,0.58,1.5,0.92,0.49,1.36,1.05
198103,0.86,1.25,1.01,0.69,0.58,1.5,0.92,0.49,1.36,1.05
198104,0.86,1.25,1.01,0.69,0.58,1.5,0.92,0.49,1.36,1.05
198105,0.86,1.25,1.01,0.69,0.58,1.5,0.92,0.49,1.36,1.05
198106,0.86,1.25,1.01,0.69,0.58,1.5,0.92,0.49,1.36,1.05
198107,0.76,0.97,0.88,0.8,0.51,1.38,0.76,0.41,1.44,0.9
198108,0.76,0.97,0.88,0.8,0.51,1.38,0.76,0.41,1.44,0.9
198109,0.76,0.97,0.88,0.8,0.51,1.38,0.76,0.41,1.44,0.9
198110,0.76,0.97,0.88,0.8,0.51,1.38,0.76,0.41,1.44,0.9
198111,0.76,0.97,0.88,0.8,0.51,1.38,0.76,0.41,1.44,0.9
198112,0.76,0.97,0.88,0.8,0.51,1.38,0.76,0.41,1.44,0.9
198201,0.76,0.97,0.88,0.8,0.51,1.38,0.76,0.41,1.44,0.9
198202,0.76,0.97,0.88,0.8,0.51,1.38,0.76,0.41,1.44,0.9
198203,0.76,0.97,0.88,0.8,0.51,1.38,0.76,0.41,1.44,0.9
198204,0.76,0.97,0.88,0.8,0.51,1.38,0.76,0.41,1.44,0.9
198205,0.76,0.97,0.88,0.8,0.51,1.38,0.76,0.41,1.44,0.9
198206,0.76,0.97,0.88,0.8,0.51,1.38,0.76,0.41,1.44,0.9
198207,0.85,1.06,1.3,1.29,0.68,1.55,0.86,0.48,1.56,1.27
198208,0.85,1.06,1.3,1.29,0.68,1.55,0.86,0.48,1.56,1.27
198209,0.85,1.06,1.3,1.29,0.68,1.55,0.86,0.48,1.56,1.27
198210,0.85,1.06,1.3,1.29,0.68,1.55,0.86,0.48,1.56,1.27
198211,0.85,1.06,1.3,1.29,0.68,1.55,0.86,0.48,1.56,1.27
198212,0.85,1.06,1.3,1.29,0.68,1.55,0.86,0.48,1.56,1.27
198301,0.85,1.06,1.3,1.29,0.68,1.55,0.86,0.48,1.56,1.27
198302,0.85,1.06,1.3,1.29,0.68,1.55,0.86,0.48,1.56,1.27
198303,0.85,1.06,1.3,1.29,0.68,1.55,0.86,0.48,1.56,1.27
198304,0.85,1.06,1.3,1.29,0.68,1.55,0.86,0.48,1.56,1.27
198305,0.85,1.06,1.3,1.29,0.68,1.55,0.86,0.48,1.56,1.27
198306,0.85,1.06,1.3,1.29,0.68,1.55,0.86,0.48,1.56,1.27
198307,0.59,0.6,0.82,1.06,0.34,1.18,0.45,0.34,1.33,0.81
198308,0.59,0.6,0.82,1.06,0.34,1.18,0.45,0.34,1.33,0.81
198309,0.59,0.6,0.82,1.06,0.34,1.18,0.45,0.34,1.33,0.81
198310,0.59,0.6,0.82,1.06,0.34,1.18,0.45,0.34,1.33,0.81
198311,0.59,0.6,0.82,1.06,0.34,1.18,0.45,0.34,1.33,0.81
198312,0.59,0.6,0.82,1.06,0.34,1.18,0.45,0.34,1.33,0.81
198401,0.59,0.6,0.82,1.06,0.34,1.18,0.45,0.34,1.33,0.81
198402,0.59,0.6,0.82,1.06,0.34,1.18,0.45,0.34,1.33,0.81
198403,0.59,0.6,0.82,1.06,0.34,1.18,0.45,0.34,1.33,0.81
198404,0.59,0.6,0.82,1.06,0.34,1.18,0.45,0.34,1.33,0.81
198405,0.59,0.6,0.82,1.06,0.34,1.18,0.45,0.34,1.33,0.81
198406,0.59,0.6,0.82,1.06,0.34,1.18,0.45,0.34,1.33,0.81
198407,0.62,0.75,0.9,1.09,0.47,1.18,0.59,0.46,1.56,1.04
198408,0.62,0.75,0.9,1.09,0.47,1.18,0.59,0.46,1.56,1.04
198409,0.62,0.75,0.9,1.09,0.47,1.18,0.59,0.46,1.56,1.04
198410,0.62,0.75,0.9,1.09,0.47,1.18,0.59,0.46,1.56,1.04
198411,0.62,0.75,0.9,1.09,0.47,1.18,0.59,0.46,1.56,1.04
198412,0.62,0.75,0.9,1.09,0.47,1.18,0.59,0.46,1.56,1.04
198501,0.62,0.75,0.9,1.09,0.47,1.18,0.59,0.46,1.56,1.04
198502,0.62,0.75,0.9,1.09,0.47,1.18,0.59,0.46,1.56,1.04
198503,0.62,0.75,0.9,1.09,0.47,1.18,0.59,0.46,1.56,1.04
198504,0.62,0.75,0.9,1.09,0.47,1.18,0.59,0.46,1.56,1.04
198505,0.62,0.75,0.9,1.09,0.47,1.18,0.59,0.46,1.56,1.04
198506,0.62,0.75,0.9,1.09,0.47,1.18,0.59,0.46,1.56,1.04
198507,0.5,0.74,0.79,1.06,0.5,0.85,0.5,0.38,1.21,0.82
198508,0.5,0.74,0.79,1.06,0.5,0.85,0.5,0.38,1.21,0.82
198509,0.5,0.74,0.79,1.06,0.5,0.85,0.5,0.38,1.21,0.82
198510,0.5,0.74,0.79,1.06,0.5,0.85,0.5,0.38,1.21,0.82
198511,0.5,0.74,0.79,1.06,0.5,0.85,0.5,0.38,1.21,0.82
198512,0.5,0.74,0.79,1.06,0.5,0.85,0.5,0.38,1.21,0.82
198601,0.5,0.74,0.79,1.06,0.5,0.85,0.5,0.38,1.21,0.82
198602,0.5,0.74,0.79,1.06,0.5,0.85,0.5,0.38,1.21,0.82
198603,0.5,0.74,0.79,1.06,0.5,0.85,0.5,0.38,1.21,0.82
198604,0.5,0.74,0.79,1.06,0.5,0.85,0.5,0.38,1.21,0.82
198605,0.5,0.74,0.79,1.06,0.5,0.85,0.5,0.38,1.21,0.82
198606,0.5,0.74,0.79,1.06,0.5,0.85,0.5,0.38,1.21,0.82
198607,0.34,0.66,0.59,1.08,0.45,0.75,0.37,0.28,1.07,0.64
198608,0.34,0.66,0.59,1.08,0.45,0.75,0.37,0.28,1.07,0.64
198609,0.34,0.66,0.59,1.08,0.45,0.75,0.37,0.28,1.07,0.64
198610,0.34,0.66,0.59,1.08,0.45,0.75,0.37,0.28,1.07,0.64
198611,0.34,0.66,0.59,1.08,0.45,0.75,0.37,0.28,1.07,0.64
198612,0.34,0.66,0.59,1.08,0.45,0.75,0.37,0.28,1.07,0.64
198701,0.34,0.66,0.59,1.08,0.45,0.75,0.37,0.28,1.07,0.64
198702,0.34,0.66,0.59,1.08,0.45,0.75,0.37,0.28,1.07,0.64
198703,0.34,0.66,0.59,1.08,0.45,0.75,0.37,0.28,1.07,0.64
198704,0.34,0.66,0.59,1.08,0.45,0.75,0.37,0.28,1.07,0.64
198705,0.34,0.66,0.59,1.08,0.45,0.75,0.37,0.28,1.07,0.64
198706,0.34,0.66,0.59,1.08,0.45,0.75,0.37,0.28,1.07,0.64
198707,0.35,0.57,0.49,0.74,0.38,0.72,0.36,0.25,1.09,0.64
198708,0.35,0.57,0.49,0.74,0.38,0.72,0.36,0.25,1.09,0.64
198709,0.35,0.57,0.49,0.74,0.38,0.72,0.36,0.25,1.09,0.64
198710,0.35,0.57,0.49,0.74,0.38,0.72,0.36,0.25,1.09,0.64
198711,0.35,0.57,0.49,0.74,0.38,0.72,0.36,0.25,1.09,0.64
198712,0.35,0.57,0.49,0.74,0.38,0.72,0.36,0.25,1.09,0.64
198801,0.35,0.57,0.49,0.74,0.38,0.72,0.36,0.25,1.09,0.64
198802,0.35,0.57,0.49,0.74,0.38,0.72,0.36,0.25,1.09,0.64
198803,0.35,0.57,0.49,0.74,0.38,0.72,0.36,0.25,1.09,0.64
198804,0.35,0.57,0.49,0.74,0.38,0.72,0.36,0.25,1.09,0.64
198805,0.35,0.57,0.49,0.74,0.38,0.72,0.36,0.25,1.09,0.64
198806,0.35,0.57,0.49,0.74,0.38,0.72,0.36,0.25,1.09,0.64
198807,0.41,0.82,0.56,0.85,0.49,0.76,0.5,0.31,1.23,0.74
198808,0.41,0.82,0.56,0.85,0.49,0.76,0.5,0.31,1.23,0.74
198809,0.41,0.82,0.56,0.85,0.49,0.76,0.5,0.31,1.23,0.74
198810,0.41,0.82,0.56,0.85,0.49,0.76,0.5,0.31,1.23,0.74
198811,0.41,0.82,0.56,0.85,0.49,0.76,0.5,0.31,1.23,0.74
198812,0.41,0.82,0.56,0.85,0.49,0.76,0.5,0.31,1.23,0.74
198901,0.41,0.82,0.56,0.85,0.49,0.76,0.5,0.31,1.23,0.74
198902,0.41,0.82,0.56,0.85,0.49,0.76,0.5,0.31,1.23,0.74
198903,0.41,0.82,0.56,0.85,0.49,0.76,0.5,0.31,1.23,0.74
198904,0.41,0.82,0.56,0.85,0.49,0.76,0.5,0.31,1.23,0.74
198905,0.41,0.82,0.56,0.85,0.49,0.76,0.5,0.31,1.23,0.74
198906,0.41,0.82,0.56,0.85,0.49,0.76,0.5,0.31,1.23,0.74
198907,0.33,0.95,0.59,0.77,0.56,0.56,0.45,0.28,1.11,0.67
198908,0.33,0.95,0.59,0.77,0.56,0.56,0.45,0.28,1.11,0.67
198909,0.33,0.95,0.59,0.77,0.56,0.56,0.45,0.28,1.11,0.67
198910,0.33,0.95,0.59,0.77,0.56,0.56,0.45,0.28,1.11,0.67
198911,0.33,0.95,0.59,0.77,0.56,0.56,0.45,0.28,1.11,0.67
198912,0.33,0.95,0.59,0.77,0.56,0.56,0.45,0.28,1.11,0.67
199001,0.33,0.95,0.59,0.77,0.56,0.56,0.45,0.28,1.11,0.67
199002,0.33,0.95,0.59,0.77,0.56,0.56,0.45,0.28,1.11,0.67
199003,0.33,0.95,0.59,0.77,0.56,0.56,0.45,0.28,1.11,0.67
199004,0.33,0.95,0.59,0.77,0.56,0.56,0.45,0.28,1.11,0.67
199005,0.33,0.95,0.59,0.77,0.56,0.56,0.45,0.28,1.11,0.67
199006,0.33,0.95,0.59,0.77,0.56,0.56,0.45,0.28,1.11,0.67
199007,0.33,1.05,0.56,0.68,0.51,0.54,0.4,0.21,1.09,0.7
199008,0.33,1.05,0.56,0.68,0.51,0.54,0.4,0.21,1.09,0.7
199009,0.33,1.05,0.56,0.68,0.51,0.54,0.4,0.21,1.09,0.7
199010,0.33,1.05,0.56,0.68,0.51,0.54,0.4,0.21,1.09,0.7
199011,0.33,1.05,0.56,0.68,0.51,0.54,0.4,0.21,1.09,0.7
199012,0.33,1.05,0.56,0.68,0.51,0.54,0.4,0.21,1.09,0.7
199101,0.33,1.05,0.56,0.68,0.51,0.54,0.4,0.21,1.09,0.7
199102,0.33,1.05,0.56,0.68,0.51,0.54,0.4,0.21,1.09,0.7
199103,0.33,1.05,0.56,0.68,0.51,0.54,0.4,0.21,1.09,0.7
199104,0.33,1.05,0.56,0.68,0.51,0.54,0.4,0.21,1.09,0.7
199105,0.33,1.05,0.56,0.68,0.51,0.54,0.4,0.21,1.09,0.7
199106,0.33,1.05,0.56,0.68,0.51,0.54,0.4,0.21,1.09,0.7
199107,0.31,1.09,0.59,0.7,0.58,0.62,0.37,0.19,1.1,0.73
199108,0.31,1.09,0.59,0.7,0.58,0.62,0.37,0.19,1.1,0.73
199109,0.31,1.09,0.59,0.7,0.58,0.62,0.37,0.19,1.1,0.73
199110,0.31,1.09,0.59,0.7,0.58,0.62,0.37,0.19,1.1,0.73
199111,0.31,1.09,0.59,0.7,0.58,0.62,0.37,0.19,1.1,0.73
199112,0.31,1.09,0.59,0.7,0.58,0.62,0.37,0.19,1.1,0.73
199201,0.31,1.09,0.59,0.7,0.58,0.62,0.37,0.19,1.1,0.73
199202,0.31,1.09,0.59,0.7,0.58,0.62,0.37,0.19,1.1,0.73
199203,0.31,1.09,0.59,0.7,0.58,0.62,0.37,0.19,1.1,0.73
199204,0.31,1.09,0.59,0.7,0.58,0.62,0.37,0.19,1.1,0.73
199205,0.31,1.09,0.59,0.7,0.58,0.62,0.37,0.19,1.1,0.73
199206,0.31,1.09,0.59,0.7,0.58,0.62,0.37,0.19,1.1,0.73
199207,0.3,0.8,0.53,0.71,0.49,0.57,0.35,0.21,0.97,0.62
199208,0.3,0.8,0.53,0.71,0.49,0.57,0.35,0.21,0.97,0.62
199209,0.3,0.8,0.53,0.71,0.49,0.57,0.35,0.21,0.97,0.62
199210,0.3,0.8,0.53,0.71,0.49,0.57,0.35,0.21,0.97,0.62
199211,0.3,0.8,0.53,0.71,0.49,0.57,0.35,0.21,0.97,0.62
199212,0.3,0.8,0.53,0.71,0.49,0.57,0.35,0.21,0.97,0.62
199301,0.3,0.8,0.53,0.71,0.49,0.57,0.35,0.21,0.97,0.62
199302,0.3,0.8,0.53,0.71,0.49,0.57,0.35,0.21,0.97,0.62
199303,0.3,0.8,0.53,0.71,0.49,0.57,0.35,0.21,0.97,0.62
199304,0.3,0.8,0.53,0.71,0.49,0.57,0.35,0.21,0.97,0.62
199305,0.3,0.8,0.53,0.71,0.49,0.57,0.35,0.21,0.97,0.62
199306,0.3,0.8,0.53,0.71,0.49,0.57,0.35,0.21,0.97,0.62
199307,0.32,0.35,0.43,0.58,0.37,0.43,0.33,0.26,0.83,0.54
199308,0.32,0.35,0.43,0.58,0.37,0.43,0.33,0.26,0.83,0.54
199309,0.32,0.35,0.43,0.58,0.37,0.43,0.33,0.26,0.83,0.54
199310,0.32,0.35,0.43,0.58,0.37,0.43,0.33,0.26,0.83,0.54
199311,0.32,0.35,0.43,0.58,0.37,0.43,0.33,0.26,0.83,0.54
199312,0.32,0.35,0.43,0.58,0.37,0.43,0.33,0.26,0.83,0.54
199401,0.32,0.35,0.43,0.58,0.37,0.43,0.33,0.26,0.83,0.54
199402,0.32,0.35,0.43,0.58,0.37,0.43,0.33,0.26,0.83,0.54
199403,0.32,0.35,0.43,0.58,0.37,0.43,0.33,0.26,0.83,0.54
199404,0.32,0.35,0.43,0.58,0.37,0.43,0.33,0.26,0.83,0.54
199405,0.32,0.35,0.43,0.58,0.37,0.43,0.33,0.26,0.83,0.54
199406,0.32,0.35,0.43,0.58,0.37,0.43,0.33,0.26,0.83,0.54
199407,0.28,0.31,0.36,0.49,0.34,0.32,0.35,0.27,0.76,0.58
199408,0.28,0.31,0.36,0.49,0.34,0.32,0.35,0.27,0.76,0.58
199409,0.28,0.31,0.36,0.49,0.34,0.32,0.35,0.27,0.76,0.58
199410,0.28,0.31,0.36,0.49,0.34,0.32,0.35,0.27,0.76,0.58
199411,0.28,0.31,0.36,0.49,0.34,0.32,0.35,0.27,0.76,0.58
199412,0.28,0.31,0.36,0.49,0.34,0.32,0.35,0.27,0.76,0.58
199501,0.28,0.31,0.36,0.49,0.34,0.32,0.35,0.27,0.76,0.58
199502,0.28,0.31,0.36,0.49,0.34,0.32,0.35,0.27,0.76,0.58
199503,0.28,0.31,0.36,0.49,0.34,0.32,0.35,0.27,0.76,0.58
199504,0.28,0.31,0.36,0.49,0.34,0.32,0.35,0.27,0.76,0.58
199505,0.28,0.31,0.36,0.49,0.34,0.32,0.35,0.27,0.76,0.58
199506,0.28,0.31,0.36,0.49,0.34,0.32,0.35,0.27,0.76,0.58
199507,0.25,0.39,0.33,0.44,0.23,0.32,0.34,0.22,0.7,0.52
199508,0.25,0.39,0.33,0.44,0.23,0.32,0.34,0.22,0.7,0.52
199509,0.25,0.39,0.33,0.44,0.23,0.32,0.34,0.22,0.7,0.52
199510,0.25,0.39,0.33,0.44,0.23,0.32,0.34,0.22,0.7,0.52
199511,0.25,0.39,0.33,0.44,0.23,0.32,0.34,0.22,0.7,0.52
199512,0.25,0.39,0.33,0.44,0.23,0.32,0.34,0.22,0.7,0.52
199601,0.25,0.39,0.33,0.44,0.23,0.32,0.34,0.22,0.7,0.52
199602,0.25,0.39,0.33,0.44,0.23,0.32,0.34,0.22,0.7,0.52
199603,0.25,0.39,0.33,0.44,0.23,0.32,0.34,0.22,0.7,0.52
199604,0.25,0.39,0.33,0.44,0.23,0.32,0.34,0.22,0.7,0.52
199605,0.25,0.39,0.33,0.44,0.23,0.32,0.34,0.22,0.7,0.52
199606,0.25,0.39,0.33,0.44,0.23,0.32,0.34,0.22,0.7,0.52
199607,0.21,0.42,0.3,0.37,0.23,0.24,0.31,0.18,0.64,0.48
199608,0.21,0.42,0.3,0.37,0.23,0.24,0.31,0.18,0.64,0.48
199609,0.21,0.42,0.3,0.37,0.23,0.24,0.31,0.18,0.64,0.48
199610,0.21,0.42,0.3,0.37,0.23,0.24,0.31,0.18,0.64,0.48
199611,0.21,0.42,0.3,0.37,0.23,0.24,0.31,0.18,0.64,0.48
199612,0.21,0.42,0.3,0.37,0.23,0.24,0.31,0.18,0.64,0.48
199701,0.21,0.42,0.3,0.37,0.23,0.24,0.31,0.18,0.64,0.48
199702,0.21,0.42,0.3,0.37,0.23,0.24,0.31,0.18,0.64,0.48
199703,0.21,0.42,0.3,0.37,0.23,0.24,0.31,0.18,0.64,0.48
199704,0.21,0.42,0.3,0.37,0.23,0.24,0.31,0.18,0.64,0.48
199705,0.21,0.42,0.3,0.37,0.23,0.24,0.31,0.18,0.64,0.48
199706,0.21,0.42,0.3,0.37,0.23,0.24,0.31,0.18,0.64,0.48
199707,0.18,0.43,0.24,0.33,0.19,0.3,0.3,0.15,0.67,0.39
199708,0.18,0.43,0.24,0.33,0.19,0.3,0.3,0.15,0.67,0.39
199709,0.18,0.43,0.24,0.33,0.19,0.3,0.3,0.15,0.67,0.39
199710,0.18,0.43,0.24,0.33,0.19,0.3,0.3,0.15,0.67,0.39
199711,0.18,0.43,0.24,0.33,0.19,0.3,0.3,0.15,0.67,0.39
199712,0.18,0.43,0.24,0.33,0.19,0.3,0.3,0.15,0.67,0.39
199801,0.18,0.43,0.24,0.33,0.19,0.3,0.3,0.15,0.67,0.39
199802,0.18,0.43,0.24,0.33,0.19,0.3,0.3,0.15,0.67,0.39
199803,0.18,0.43,0.24,0.33,0.19,0.3,0.3,0.15,0.67,0.39
199804,0.18,0.43,0.24,0.33,0.19,0.3,0.3,0.15,0.67,0.39
199805,0.18,0.43,0.24,0.33,0.19,0.3,0.3,0.15,0.67,0.39
199806,0.18,0.43,0.24,0.33,0.19,0.3,0.3,0.15,0.67,0.39
199807,0.16,0.3,0.23,0.32,0.16,0.22,0.23,0.12,0.54,0.33
199808,0.16,0.3,0.23,0.32,0.16,0.22,0.23,0.12,0.54,0.33
199809,0.16,0.3,0.23,0.32,0.16,0.22,0.23,0.12,0.54,0.33
199810,0.16,0.3,0.23,0.32,0.16,0.22,0.23,0.12,0.54,0.33
199811,0.16,0.3,0.23,0.32,0.16,0.22,0.23,0.12,0.54,0.33
199812,0.16,0.3,0.23,0.32,0.16,0.22,0.23,0.12,0.54,0.33
199901,0.16,0.3,0.23,0.32,0.16,0.22,0.23,0.12,0.54,0.33
199902,0.16,0.3,0.23,0.32,0.16,0.22,0.23,0.12,0.54,0.33
199903,0.16,0.3,0.23,0.32,0.16,0.22,0.23,0.12,0.54,0.33
199904,0.16,0.3,0.23,0.32,0.16,0.22,0.23,0.12,0.54,0.33
199905,0.16,0.3,0.23,0.32,0.16,0.22,0.23,0.12,0.54,0.33
199906,0.16,0.3,0.23,0.32,0.16,0.22,0.23,0.12,0.54,0.33
199907,0.17,0.32,0.23,0.28,0.11,0.18,0.21,0.12,0.55,0.35
199908,0.17,0.32,0.23,0.28,0.11,0.18,0.21,0.12,0.55,0.35
199909,0.17,0.32,0.23,0.28,0.11,0.18,0.21,0.12,0.55,0.35
199910,0.17,0.32,0.23,0.28,0.11,0.18,0.21,0.12,0.55,0.35
199911,0.17,0.32,0.23,0.28,0.11,0.18,0.21,0.12,0.55,0.35
199912,0.17,0.32,0.23,0.28,0.11,0.18,0.21,0.12,0.55,0.35
200001,0.17,0.32,0.23,0.28,0.11,0.18,0.21,0.12,0.55,0.35
200002,0.17,0.32,0.23,0.28,0.11,0.18,0.21,0.12,0.55,0.35
200003,0.17,0.32,0.23,0.28,0.11,0.18,0.21,0.12,0.55,0.35
200004,0.17,0.32,0.23,0.28,0.11,0.18,0.21,0.12,0.55,0.35
200005,0.17,0.32,0.23,0.28,0.11,0.18,0.21,0.12,0.55,0.35
200006,0.17,0.32,0.23,0.28,0.11,0.18,0.21,0.12,0.55,0.35
200007,0.23,0.52,0.31,0.29,0.08,0.29,0.25,0.1,0.61,0.35
200008,0.23,0.52,0.31,0.29,0.08,0.29,0.25,0.1,0.61,0.35
200009,0.23,0.52,0.31,0.29,0.08,0.29,0.25,0.1,0.61,0.35
200010,0.23,0.52,0.31,0.29,0.08,0.29,0.25,0.1,0.61,0.35
200011,0.23,0.52,0.31,0.29,0.08,0.29,0.25,0.1,0.61,0.35
200012,0.23,0.52,0.31,0.29,0.08,0.29,0.25,0.1,0.61,0.35
200101,0.23,0.52,0.31,0.29,0.08,0.29,0.25,0.1,0.61,0.35
200102,0.23,0.52,0.31,0.29,0.08,0.29,0.25,0.1,0.61,0.35
200103,0.23,0.52,0.31,0.29,0.08,0.29,0.25,0.1,0.61,0.35
200104,0.23,0.52,0.31,0.29,0.08,0.29,0.25,0.1,0.61,0.35
200105,0.23,0.52,0.31,0.29,0.08,0.29,0.25,0.1,0.61,0.35
200106,0.23,0.52,0.31,0.29,0.08,0.29,0.25,0.1,0.61,0.35
200107,0.21,0.53,0.34,0.32,0.23,0.52,0.26,0.12,0.51,0.35
200108,0.21,0.53,0.34,0.32,0.23,0.52,0.26,0.12,0.51,0.35
200109,0.21,0.53,0.34,0.32,0.23,0.52,0.26,0.12,0.51,0.35
200110,0.21,0.53,0.34,0.32,0.23,0.52,0.26,0.12,0.51,0.35
200111,0.21,0.53,0.34,0.32,0.23,0.52,0.26,0.12,0.51,0.35
200112,0.21,0.53,0.34,0.32,0.23,0.52,0.26,0.12,0.51,0.35
200201,0.21,0.53,0.34,0.32,0.23,0.52,0.26,0.12,0.51,0.35
200202,0.21,0.53,0.34,0.32,0.23,0.52,0.26,0.12,0.51,0.35
200203,0.21,0.53,0.34,0.32,0.23,0.52,0.26,0.12,0.51,0.35
200204,0.21,0.53,0.34,0.32,0.23,0.52,0.26,0.12,0.51,0.35
200205,0.21,0.53,0.34,0.32,0.23,0.52,0.26,0.12,0.51,0.35
200206,0.21,0.53,0.34,0.32,0.23,0.52,0.26,0.12,0.51,0.35
200207,0.23,0.42,0.32,0.37,0.34,0.68,0.26,0.17,0.65,0.46
200208,0.23,0.42,0.32,0.37,0.34,0.68,0.26,0.17,0.65,0.46
200209,0.23,0.42,0.32,0.37,0.34,0.68,0.26,0.17,0.65,0.46
200210,0.23,0.42,0.32,0.37,0.34,0.68,0.26,0.17,0.65,0.46
200211,0.23,0.42,0.32,0.37,0.34,0.68,0.26,0.17,0.65,0.46
200212,0.23,0.42,0.32,0.37,0.34,0.68,0.26,0.17,0.65,0.46
200301,0.23,0.42,0.32,0.37,0.34,0.68,0.26,0.17,0.65,0.46
200302,0.23,0.42,0.32,0.37,0.34,0.68,0.26,0.17,0.65,0.46
200303,0.23,0.42,0.32,0.37,0.34,0.68,0.26,0.17,0.65,0.46
200304,0.23,0.42,0.32,0.37,0.34,0.68,0.26,0.17,0.65,0.46
200305,0.23,0.42,0.32,0.37,0.34,0.68,0.26,0.17,0.65,0.46
200306,0.23,0.42,0.32,0.37,0.34,0.68,0.26,0.17,0.65,0.46
200307,0.25,0.39,0.32,0.42,0.3,0.52,0.3,0.18,0.64,0.47
200308,0.25,0.39,0.32,0.42,0.3,0.52,0.3,0.18,0.64,0.47
200309,0.25,0.39,0.32,0.42,0.3,0.52,0.3,0.18,0.64,0.47
200310,0.25,0.39,0.32,0.42,0.3,0.52,0.3,0.18,0.64,0.47
200311,0.25,0.39,0.32,0.42,0.3,0.52,0.3,0.18,0.64,0.47
200312,0.25,0.39,0.32,0.42,0.3,0.52,0.3,0.18,0.64,0.47
200401,0.25,0.39,0.32,0.42,0.3,0.52,0.3,0.18,0.64,0.47
200402,0.25,0.39,0.32,0.42,0.3,0.52,0.3,0.18,0.64,0.47
200403,0.25,0.39,0.32,0.42,0.3,0.52,0.3,0.18,0.64,0.47
200404,0.25,0.39,0.32,0.42,0.3,0.52,0.3,0.18,0.64,0.47
200405,0.25,0.39,0.32,0.42,0.3,0.52,0.3,0.18,0.64,0.47
200406,0.25,0.39,0.32,0.42,0.3,0.52,0.3,0.18,0.64,0.47
200407,0.24,0.45,0.26,0.39,0.24,0.56,0.29,0.21,0.6,0.44
200408,0.24,0.45,0.26,0.39,0.24,0.56,0.29,0.21,0.6,0.44
200409,0.24,0.45,0.26,0.39,0.24,0.56,0.29,0.21,0.6,0.44
200410,0.24,0.45,0.26,0.39,0.24,0.56,0.29,0.21,0.6,0.44
200411,0.24,0.45,0.26,0.39,0.24,0.56,0.29,0.21,0.6,0.44
200412,0.24,0.45,0.26,0.39,0.24,0.56,0.29,0.21,0.6,0.44
200501,0.24,0.45,0.26,0.39,0.24,0.56,0.29,0.21,0.6,0.44
200502,0.24,0.45,0.26,0.39,0.24,0.56,0.29,0.21,0.6,0.44
200503,0.24,0.45,0.26,0.39,0.24,0.56,0.29,0.21,0.6,0.44
200504,0.24,0.45,0.26,0.39,0.24,0.56,0.29,0.21,0.6,0.44
200505,0.24,0.45,0.26,0.39,0.24,0.56,0.29,0.21,0.6,0.44
200506,0.24,0.45,0.26,0.39,0.24,0.56,0.29,0.21,0.6,0.44
200507,0.27,0.57,0.3,0.34,0.28,0.49,0.29,0.23,0.48,0.48
200508,0.27,0.57,0.3,0.34,0.28,0.49,0.29,0.23,0.48,0.48
200509,0.27,0.57,0.3,0.34,0.28,0.49,0.29,0.23,0.48,0.48
200510,0.27,0.57,0.3,0.34,0.28,0.49,0.29,0.23,0.48,0.48
200511,0.27,0.57,0.3,0.34,0.28,0.49,0.29,0.23,0.48,0.48
200512,0.27,0.57,0.3,0.34,0.28,0.49,0.29,0.23,0.48,0.48
200601,0.27,0.57,0.3,0.34,0.28,0.49,0.29,0.23,0.48,0.48
200602,0.27,0.57,0.3,0.34,0.28,0.49,0.29,0.23,0.48,0.48
200603,0.27,0.57,0.3,0.34,0.28,0.49,0.29,0.23,0.48,0.48
200604,0.27,0.57,0.3,0.34,0.28,0.49,0.29,0.23,0.48,0.48
200605,0.27,0.57,0.3,0.34,0.28,0.49,0.29,0.23,0.48,0.48
200606,0.27,0.57,0.3,0.34,0.28,0.49,0.29,0.23,0.48,0.48
200607,0.28,0.45,0.27,0.36,0.27,0.49,0.3,0.25,0.47,0.47
200608,0.28,0.45,0.27,0.36,0.27,0.49,0.3,0.25,0.47,0.47
200609,0.28,0.45,0.27,0.36,0.27,0.49,0.3,0.25,0.47,0.47
200610,0.28,0.45,0.27,0.36,0.27,0.49,0.3,0.25,0.47,0.47
200611,0.28,0.45,0.27,0.36,0.27,0.49,0.3,0.25,0.47,0.47
200612,0.28,0.45,0.27,0.36,0.27,0.49,0.3,0.25,0.47,0.47
200701,0.28,0.45,0.27,0.36,0.27,0.49,0.3,0.25,0.47,0.47
200702,0.28,0.45,0.27,0.36,0.27,0.49,0.3,0.25,0.47,0.47
200703,0.28,0.45,0.27,0.36,0.27,0.49,0.3,0.25,0.47,0.47
200704,0.28,0.45,0.27,0.36,0.27,0.49,0.3,0.25,0.47,0.47
200705,0.28,0.45,0.27,0.36,0.27,0.49,0.3,0.25,0.47,0.47
200706,0.28,0.45,0.27,0.36,0.27,0.49,0.3,0.25,0.47,0.47
200707,0.25,0.3,0.26,0.35,0.25,0.49,0.31,0.24,0.44,0.47
200708,0.25,0.3,0.26,0.35,0.25,0.49,0.31,0.24,0.44,0.47
200709,0.25,0.3,0.26,0.35,0.25,0.49,0.31,0.24,0.44,0.47
200710,0.25,0.3,0.26,0.35,0.25,0.49,0.31,0.24,0.44,0.47
200711,0.25,0.3,0.26,0.35,0.25,0.49,0.31,0.24,0.44,0.47
200712,0.25,0.3,0.26,0.35,0.25,0.49,0.31,0.24,0.44,0.47
200801,0.25,0.3,0.26,0.35,0.25,0.49,0.31,0.24,0.44,0.47
200802,0.25,0.3,0.26,0.35,0.25,0.49,0.31,0.24,0.44,0.47
200803,0.25,0.3,0.26,0.35,0.25,0.49,0.31,0.24,0.44,0.47
200804,0.25,0.3,0.26,0.35,0.25,0.49,0.31,0.24,0.44,0.47
200805,0.25,0.3,0.26,0.35,0.25,0.49,0.31,0.24,0.44,0.47
200806,0.25,0.3,0.26,0.35,0.25,0.49,0.31,0.24,0.44,0.47
200807,0.28,0.52,0.32,0.32,0.28,0.62,0.41,0.29,0.46,0.75
200808,0.28,0.52,0.32,0.32,0.28,0.62,0.41,0.29,0.46,0.75
200809,0.28,0.52,0.32,0.32,0.28,0.62,0.41,0.29,0.46,0.75
200810,0.28,0.52,0.32,0.32,0.28,0.62,0.41,0.29,0.46,0.75
200811,0.28,0.52,0.32,0.32,0.28,0.62,0.41,0.29,0.46,0.75
200812,0.28,0.52,0.32,0.32,0.28,0.62,0.41,0.29,0.46,0.75
200901,0.28,0.52,0.32,0.32,0.28,0.62,0.41,0.29,0.46,0.75
200902,0.28,0.52,0.32,0.32,0.28,0.62,0.41,0.29,0.46,0.75
200903,0.28,0.52,0.32,0.32,0.28,0.62,0.41,0.29,0.46,0.75
200904,0.28,0.52,0.32,0.32,0.28,0.62,0.41,0.29,0.46,0.75
200905,0.28,0.52,0.32,0.32,0.28,0.62,0.41,0.29,0.46,0.75
200906,0.28,0.52,0.32,0.32,0.28,0.62,0.41,0.29,0.46,0.75
200907,0.3,0.68,0.46,0.58,0.35,0.74,0.47,0.34,0.7,0.87
200908,0.3,0.68,0.46,0.58,0.35,0.74,0.47,0.34,0.7,0.87
200909,0.3,0.68,0.46,0.58,0.35,0.74,0.47,0.34,0.7,0.87
200910,0.3,0.68,0.46,0.58,0.35,0.74,0.47,0.34,0.7,0.87
200911,0.3,0.68,0.46,0.58,0.35,0.74,0.47,0.34,0.7,0.87
200912,0.3,0.68,0.46,0.58,0.35,0.74,0.47,0.34,0.7,0.87
201001,0.3,0.68,0.46,0.58,0.35,0.74,0.47,0.34,0.7,0.87
201002,0.3,0.68,0.46,0.58,0.35,0.74,0.47,0.34,0.7,0.87
201003,0.3,0.68,0.46,0.58,0.35,0.74,0.47,0.34,0.7,0.87
201004,0.3,0.68,0.46,0.58,0.35,0.74,0.47,0.34,0.7,0.87
201005,0.3,0.68,0.46,0.58,0.35,0.74,0.47,0.34,0.7,0.87
201006,0.3,0.68,0.46,0.58,0.35,0.74,0.47,0.34,0.7,0.87
201007,0.29,0.45,0.39,0.58,0.32,0.65,0.41,0.42,0.72,0.84
201008,0.29,0.45,0.39,0.58,0.32,0.65,0.41,0.42,0.72,0.84
201009,0.29,0.45,0.39,0.58,0.32,0.65,0.41,0.42,0.72,0.84
201010,0.29,0.45,0.39,0.58,0.32,0.65,0.41,0.42,0.72,0.84
201011,0.29,0.45,0.39,0.58,0.32,0.65,0.41,0.42,0.72,0.84
201012,0.29,0.45,0.39,0.58,0.32,0.65,0.41,0.42,0.72,0.84
201101,0.29,0.45,0.39,0.58,0.32,0.65,0.41,0.42,0.72,0.84
201102,0.29,0.45,0.39,0.58,0.32,0.65,0.41,0.42,0.72,0.84
201103,0.29,0.45,0.39,0.58,0.32,0.65,0.41,0.42,0.72,0.84
201104,0.29,0.45,0.39,0.58,0.32,0.65,0.41,0.42,0.72,0.84
201105,0.29,0.45,0.39,0.58,0.32,0.65,0.41,0.42,0.72,0.84
201106,0.29,0.45,0.39,0.58,0.32,0.65,0.41,0.42,0.72,0.84
201107,0.25,0.39,0.3,0.45,0.29,0.52,0.35,0.35,0.61,0.67
201108,0.25,0.39,0.3,0.45,0.29,0.52,0.35,0.35,0.61,0.67
201109,0.25,0.39,0.3,0.45,0.29,0.52,0.35,0.35,0.61,0.67
201110,0.25,0.39,0.3,0.45,0.29,0.52,0.35,0.35,0.61,0.67
201111,0.25,0.39,0.3,0.45,0.29,0.52,0.35,0.35,0.61,0.67
201112,0.25,0.39,0.3,0.45,0.29,0.52,0.35,0.35,0.61,0.67
201201,0.25,0.39,0.3,0.45,0.29,0.52,0.35,0.35,0.61,0.67
201202,0.25,0.39,0.3,0.45,0.29,0.52,0.35,0.35,0.61,0.67
201203,0.25,0.39,0.3,0.45,0.29,0.52,0.35,0.35,0.61,0.67
201204,0.25,0.39,0.3,0.45,0.29,0.52,0.35,0.35,0.61,0.67
201205,0.25,0.39,0.3,0.45,0.29,0.52,0.35,0.35,0.61,0.67
201206,0.25,0.39,0.3,0.45,0.29,0.52,0.35,0.35,0.61,0.67
201207,0.24,0.51,0.36,0.56,0.3,0.48,0.32,0.33,0.57,0.74
201208,0.24,0.51,0.36,0.56,0.3,0.48,0.32,0.33,0.57,0.74
201209,0.24,0.51,0.36,0.56,0.3,0.48,0.32,0.33,0.57,0.74
201210,0.24,0.51,0.36,0.56,0.3,0.48,0.32,0.33,0.57,0.74
201211,0.24,0.51,0.36,0.56,0.3,0.48,0.32,0.33,0.57,0.74
201212,0.24,0.51,0.36,0.56,0.3,0.48,0.32,0.33,0.57,0.74
201301,0.24,0.51,0.36,0.56,0.3,0.48,0.32,0.33,0.57,0.74
201302,0.24,0.51,0.36,0.56,0.3,0.48,0.32,0.33,0.57,0.74
201303,0.24,0.51,0.36,0.56,0.3,0.48,0.32,0.33,0.57,0.74
201304,0.24,0.51,0.36,0.56,0.3,0.48,0.32,0.33,0.57,0.74
201305,0.24,0.51,0.36,0.56,0.3,0.48,0.32,0.33,0.57,0.74
201306,0.24,0.51,0.36,0.56,0.3,0.48,0.32,0.33,0.57,0.74
201307,0.25,0.34,0.31,0.54,0.31,0.37,0.27,0.27,0.57,0.62
201308,0.25,0.34,0.31,0.54,0.31,0.37,0.27,0.27,0.57,0.62
201309,0.25,0.34,0.31,0.54,0.31,0.37,0.27,0.27,0.57,0.62
201310,0.25,0.34,0.31,0.54,0.31,0.37,0.27,0.27,0.57,0.62
201311,0.25,0.34,0.31,0.54,0.31,0.37,0.27,0.27,0.57,0.62
201312,0.25,0.34,0.31,0.54,0.31,0.37,0.27,0.27,0.57,0.62
201401,0.25,0.34,0.31,0.54,0.31,0.37,0.27,0.27,0.57,0.62
201402,0.25,0.34,0.31,0.54,0.31,0.37,0.27,0.27,0.57,0.62
201403,0.25,0.34,0.31,0.54,0.31,0.37,0.27,0.27,0.57,0.62
201404,0.25,0.34,0.31,0.54,0.31,0.37,0.27,0.27,0.57,0.62
201405,0.25,0.34,0.31,0.54,0.31,0.37,0.27,0.27,0.57,0.62
201406,0.25,0.34,0.31,0.54,0.31,0.37,0.27,0.27,0.57,0.62
201407,0.25,0.36,0.28,0.46,0.26,0.35,0.26,0.23,0.49,0.55
201408,0.25,0.36,0.28,0.46,0.26,0.35,0.26,0.23,0.49,0.55
201409,0.25,0.36,0.28,0.46,0.26,0.35,0.26,0.23,0.49,0.55
201410,0.25,0.36,0.28,0.46,0.26,0.35,0.26,0.23,0.49,0.55
201411,0.25,0.36,0.28,0.46,0.26,0.35,0.26,0.23,0.49,0.55
201412,0.25,0.36,0.28,0.46,0.26,0.35,0.26,0.23,0.49,0.55
201501,0.25,0.36,0.28,0.46,0.26,0.35,0.26,0.23,0.49,0.55
201502,0.25,0.36,0.28,0.46,0.26,0.35,0.26,0.23,0.49,0.55
201503,0.25,0.36,0.28,0.46,0.26,0.35,0.26,0.23,0.49,0.55
201504,0.25,0.36,0.28,0.46,0.26,0.35,0.26,0.23,0.49,0.55
201505,0.25,0.36,0.28,0.46,0.26,0.35,0.26,0.23,0.49,0.55
201506,0.25,0.36,0.28,0.46,0.26,0.35,0.26,0.23,0.49,0.55
201507,0.23,0.34,0.27,0.65,0.25,0.29,0.23,0.2,0.55,0.54
201508,0.23,0.34,0.27,0.65,0.25,0.29,0.23,0.2,0.55,0.54
201509,0.23,0.34,0.27,0.65,0.25,0.29,0.23,0.2,0.55,0.54
201510,0.23,0.34,0.27,0.65,0.25,0.29,0.23,0.2,0.55,0.54
201511,0.23,0.34,0.27,0.65,0.25,0.29,0.23,0.2,0.55,0.54
201512,0.23,0.34,0.27,0.65,0.25,0.29,0.23,0.2,0.55,0.54
201601,0.23,0.34,0.27,0.65,0.25,0.29,0.23,0.2,0.55,0.54
201602,0.23,0.34,0.27,0.65,0.25,0.29,0.23,0.2,0.55,0.54
201603,0.23,0.34,0.27,0.65,0.25,0.29,0.23,0.2,0.55,0.54
201604,0.23,0.34,0.27,0.65,0.25,0.29,0.23,0.2,0.55,0.54
201605,0.23,0.34,0.27,0.65,0.25,0.29,0.23,0.2,0.55,0.54
201606,0.23,0.34,0.27,0.65,0.25,0.29,0.23,0.2,0.55,0.54
201607,0.23,0.44,0.28,0.57,0.26,0.34,0.22,0.22,0.5,0.6
201608,0.23,0.44,0.28,0.57,0.26,0.34,0.22,0.22,0.5,0.6
201609,0.23,0.44,0.28,0.57,0.26,0.34,0.22,0.22,0.5,0.6
201610,0.23,0.44,0.28,0.57,0.26,0.34,0.22,0.22,0.5,0.6
201611,0.23,0.44,0.28,0.57,0.26,0.34,0.22,0.22,0.5,0.6
201612,0.23,0.44,0.28,0.57,0.26,0.34,0.22,0.22,0.5,0.6
201701,0.23,0.44,0.28,0.57,0.26,0.34,0.22,0.22,0.5,0.6
201702,0.23,0.44,0.28,0.57,0.26,0.34,0.22,0.22,0.5,0.6
201703,0.23,0.44,0.28,0.57,0.26,0.34,0.22,0.22,0.5,0.6
201704,0.23,0.44,0.28,0.57,0.26,0.34,0.22,0.22,0.5,0.6
201705,0.23,0.44,0.28,0.57,0.26,0.34,0.22,0.22,0.5,0.6
201706,0.23,0.44,0.28,0.57,0.26,0.34,0.22,0.22,0.5,0.6
201707,0.24,0.38,0.22,0.57,0.21,0.35,0.22,0.2,0.51,0.48
201708,0.24,0.38,0.22,0.57,0.21,0.35,0.22,0.2,0.51,0.48
201709,0.24,0.38,0.22,0.57,0.21,0.35,0.22,0.2,0.51,0.48
201710,0.24,0.38,0.22,0.57,0.21,0.35,0.22,0.2,0.51,0.48
201711,0.24,0.38,0.22,0.57,0.21,0.35,0.22,0.2,0.51,0.48
201712,0.24,0.38,0.22,0.57,0.21,0.35,0.22,0.2,0.51,0.48
201801,0.24,0.38,0.22,0.57,0.21,0.35,0.22,0.2,0.51,0.48
201802,0.24,0.38,0.22,0.57,0.21,0.35,0.22,0.2,0.51,0.48
201803,0.24,0.38,0.22,0.57,0.21,0.35,0.22,0.2,0.51,0.48
201804,0.24,0.38,0.22,0.57,0.21,0.35,0.22,0.2,0.51,0.48
201805,0.24,0.38,0.22,0.57,0.21,0.35,0.22,0.2,0.51,0.48
201806,0.24,0.38,0.22,0.57,0.21,0.35,0.22,0.2,0.51,0.48
201807,0.27,0.41,0.26,0.49,0.18,0.43,0.18,0.19,0.53,0.46
201808,0.27,0.41,0.26,0.49,0.18,0.43,0.18,0.19,0.53,0.46
201809,0.27,0.41,0.26,0.49,0.18,0.43,0.18,0.19,0.53,0.46
201810,0.27,0.41,0.26,0.49,0.18,0.43,0.18,0.19,0.53,0.46
201811,0.27,0.41,0.26,0.49,0.18,0.43,0.18,0.19,0.53,0.46
201812,0.27,0.41,0.26,0.49,0.18,0.43,0.18,0.19,0.53,0.46
201901,0.27,0.41,0.26,0.49,0.18,0.43,0.18,0.19,0.53,0.46
201902,0.27,0.41,0.26,0.49,0.18,0.43,0.18,0.19,0.53,0.46
201903,0.27,0.41,0.26,0.49,0.18,0.43,0.18,0.19,0.53,0.46
201904,0.27,0.41,0.26,0.49,0.18,0.43,0.18,0.19,0.53,0.46
201905,0.27,0.41,0.26,0.49,0.18,0.43,0.18,0.19,0.53,0.46
201906,0.27,0.41,0.26,0.49,0.18,0.43,0.18,0.19,0.53,0.46
201907,0.27,0.45,0.26,0.65,0.17,0.44,0.17,0.19,0.48,0.46
201908,0.27,0.45,0.26,0.65,0.17,0.44,0.17,0.19,0.48,0.46
201909,0.27,0.45,0.26,0.65,0.17,0.44,0.17,0.19,0.48,0.46
201910,0.27,0.45,0.26,0.65,0.17,0.44,0.17,0.19,0.48,0.46
201911,0.27,0.45,0.26,0.65,0.17,0.44,0.17,0.19,0.48,0.46
201912,0.27,0.45,0.26,0.65,0.17,0.44,0.17,0.19,0.48,0.46
202001,0.27,0.45,0.26,0.65,0.17,0.44,0.17,0.19,0.48,0.46
202002,0.27,0.45,0.26,0.65,0.17,0.44,0.17,0.19,0.48,0.46
202003,0.27,0.45,0.26,0.65,0.17,0.44,0.17,0.19,0.48,0.46
202004,0.27,0.45,0.26,0.65,0.17,0.44,0.17,0.19,0.48,0.46
202005,0.27,0.45,0.26,0.65,0.17,0.44,0.17,0.19,0.48,0.46
202006,0.27,0.45,0.26,0.65,0.17,0.44,0.17,0.19,0.48,0.46
202007,0.3,0.34,0.27,1.07,0.14,0.5,0.17,0.19,0.56,0.57
202008,0.3,0.34,0.27,1.07,0.14,0.5,0.17,0.19,0.56,0.57
202009,0.3,0.34,0.27,1.07,0.14,0.5,0.17,0.19,0.56,0.57
